UI_20150317_000001	{@st41b}Naucz się Atrybutów{nl}od Mistrzów każdej klasy.{/}
UI_20150317_000002	{@st43}Lista Atrybutów {/}
UI_20150317_000003	{@st59}Zamknij Listę Atrybutów {/}
UI_20150317_000004	{@st43}Naucz się Atrybutów{/}
UI_20150317_000005	{@st59}Zamknij okno Atrybutów{/}
UI_20150317_000006	{@st41b}Środki{/}
UI_20150317_000007	Moje osiądnięcia
UI_20150317_000008	Ranking Serwera
UI_20150317_000009	{@st59}An unexpected event is available.{/}
UI_20150317_000010	{@st59}Jest nowa wiadomość Pomocy{/}
UI_20150317_000011	{@st41}Czy na pewno chcesz stworzyć ten rodzaj strzały?{/}
UI_20150317_000012	{@st41b}Raz{/}
UI_20150317_000013	{@st41b}Wszystko{/}
UI_20150317_000014	{@st41b}Pauza{/}
UI_20150317_000015	{@st43}Dziennik Przygody{/}
UI_20150317_000016	{@st43}Dom Aukcyjny{/}
UI_20150317_000017	{@st59}Zamknij Dom Aukcyjny{/}
UI_20150317_000018	{memo X}{@st41b}Sprzedane przedmioty : ×%s, Niesprzedane przedmioty : ×%s{/}
UI_20150317_000019	{@st43}{s22}Aukcja przedmiotu{/}
UI_20150317_000020	{@st59}Zamknij Informacje o Queście{/}
UI_20150317_000021	Availest
UI_20150317_000022	{@st41b}Pozostały czas
UI_20150317_000023	3 godziny 16 minut
UI_20150317_000024	{@st41b}Cena początkowa
UI_20150317_000025	{@st41b}Oferty
UI_20150317_000026	{@st41b}Aktualna cena
UI_20150317_000027	{@st41b}Cena licytacji
UI_20150317_000028	{@st41b}Cena minimalna oferty od {@st57}%s{@st41b}silver{/}
UI_20150317_000029	{@st41b}Licytuj{/}
UI_20150317_000030	{@st43b}Kup Teraz!{nl}{img icon_item_silver 20 20}{@st57}%s{/}
UI_20150317_000031	{@st44}Ustawienia uprawnień{/}
UI_20150317_000032	{@st45}Nazwa: %s{/}
UI_20150317_000033	{@st45}Magazyn Drużyny{/}
UI_20150317_000034	{@st49}Nic
UI_20150317_000035	{@st49}Przechowaj
UI_20150317_000036	{@st49}Odzyskaj
UI_20150317_000037	{@st45}Sprawdź{/}
UI_20150317_000038	{@st49}Utwórz
UI_20150317_000039	{@st49}Usuń
UI_20150317_000040	{@st44}Zapisz{/}
UI_20150317_000041	{@st44}Anuluj{/}
UI_20150317_000042	{@st43}{s22}Fryzjer{/}
UI_20150317_000043	{@st59}Poprzednia fryzura{/}
UI_20150317_000044	{@st59}Kolejna fryzura{/}
UI_20150317_000045	{@st41b} Zmień {s18} (wymagane 100 iCoins) {/}
UI_20150317_000046	{@st59}Zmień na wybraną fryzurę.{/}
UI_20150317_000047	{@st41}Anuluj
UI_20150317_000048	{@st43}Czarny Rynek{/}
UI_20150317_000049	Tytuł Książki
UI_20150317_000050	{@St59}Przestań czytać{/}
UI_20150317_000051	{@st59}Poprzednia strona{/}
UI_20150317_000052	{@st59}Kolejna strona{/}
UI_20150317_000053	{@st47}Pojawił się %s !
UI_20150317_000054	{@st43}Wynik{/}
UI_20150317_000055	Otrzymane obrażenia
UI_20150317_000056	Bonus za technikę
UI_20150317_000057	Bonus za uniki
UI_20150317_000058	Czas ukończenia
UI_20150317_000059	Finalny wynik
UI_20150317_000060	{@st42}Czas
UI_20150317_000061	10 minut
UI_20150317_000062	10 sekund
UI_20150317_000063	{memo X}{@st44}Ukończony
UI_20150317_000064	{@st59}Zamknij Automat{/}
UI_20150317_000065	{@st43}Automat z Buffami
UI_20150317_000066	Nazwa Automatu
UI_20150317_000067	{memo X}{@st43}Zarejestruj
UI_20150317_000068	{memo X}{@st43}Anuluj
UI_20150317_000069	Automat z Buffami
UI_20150317_000070	{@st59}Zamknij Automat z Buffami.
UI_20150317_000071	{@st59}Automat z Buffami{nl} - Możesz zapłacić silver aby otrzymać buffy od innego gracza.
UI_20150317_000072	Menu Pojazdu
UI_20150317_000073	{ol}{s22}Wysiądź{/}
UI_20150317_000074	Casting
UI_20150317_000075	{@st43}Ustawienia Gry{/}
UI_20150317_000076	{@st64}Użyj klawiszy strzałek aby wybrać pole!
UI_20150317_000077	{@st43}Informacje o rozwoju {/}
UI_20150317_000078	{@st43}Wybierz Klasę
UI_20150317_000079	Psychokinesist
UI_20150317_000080	{@st42}%s Krąg {/}
UI_20150317_000081	Ile kręgów
UI_20150317_000082	Wyświetla krótki opis Klasy.
UI_20150317_000083	{memo X}{@st41b}Atak {@sti7}%s{/}
UI_20150317_000084	{memo X}{@st41b}Wsparcie {@sti7}%s{/}
UI_20150317_000085	{memo X}{@st41b}Poziom trudności{@sti7}%s{/}
UI_20150317_000086	{@st59}Zamknij okno informacji o Klasie{/}
UI_20150317_000087	Alarm o rozwoju
UI_20150317_000088	{@st43} Rozwój
UI_20150317_000089	{@sti7}{s14} Postać {/}
UI_20150317_000090	{@sti8}{s14} Klasa {/}
UI_20150317_000091	{@st44}Czat{/}
UI_20150317_000092	To. WWWWWWWW i 1 inny
UI_20150317_000093	{memo X}Globalny: /s tekst {nl} Krzyk: /y tekst {nl} Drużynowy: /p tekst{nl} Szept: /w imię_postaci tekst
UI_20150317_000094	{@st41}Wszystkie czaty{/}
UI_20150317_000095	{@59}Wyjdź{/}
UI_20150317_000096	{@59}Zaproś{/}
UI_20150317_000097	{@st59}Wszystkie{/}
UI_20150317_000098	{@st59}Normalny (/s tekst){/}
UI_20150317_000099	{@st59}Krzyk (/y tekst){/}
UI_20150317_000100	{@st59}Drużynowy (/p tekst){/}
UI_20150317_000101	{@st59}Szept (/w nazwa_drużyny tekst){/}
UI_20150317_000102	{@st59}Dopasuj okno czatu{/}
UI_20150317_000103	{@st43}{s22}Makra czatu{/}
UI_20150317_000104	{@st43}Makra{/}
UI_20150317_000105	{@st59b}Makra {nl} {@st59s} - Jak używać: {nl} 1. Przeciągnij ikonę gestu na jakikolwiek slot gestów na dole. {nl} 2. Napisz wybraną frazę i zapisz. {nl} 3. Użyj klawisza skrótu aby jednocześnie wypowiedzieć frazę i pokazać gest. {/}
UI_20150317_000106	{@st59}Zamknij okno Makr{/}
UI_20150317_000107	{@st41b}Zapisz {/}
UI_20150317_000108	{@st59}Zapisz zmiany{/}
UI_20150317_000109	{@st41b}Anuluj {/}
UI_20150317_000110	{@st59}Anuluj zmiany{/}
UI_20150317_000111	{@st42}Ustawienia czatu
UI_20150317_000112	{@st42}Przezroczystość
UI_20150317_000113	Pokazuj dymki czatu
UI_20150317_000114	Pokazuj krzyki na górze
UI_20150317_000115	{@st43}Lista czitów{/}
UI_20150317_000116	{memo X}{@st42b}Przedmiot{/}
UI_20150317_000117	{memo X}{@st42b}Potwór{/}
UI_20150317_000118	{memo X}{@st42b}Przejdź na mapę{/}
UI_20150317_000119	{memo X}{@st42b}Kolejność walk{/}
UI_20150317_000120	{@st41b}Zamknij{/}
UI_20150317_000121	{s16}{b}Twórz przedmioty wciskając guzik Utwórz lub klikając dwa razy.
UI_20150317_000122	{memo X}{s16}{b}szt
UI_20150317_000123	{memo X}{s16}{b}Lv.
UI_20150317_000124	{@st41b}Szukaj{/}
UI_20150317_000125	{s16}{b}Przyzywaj potwory wciskając guzik Utwórz lub klikając dwa razy.
UI_20150317_000126	{memo X}{s16}{b}szt
UI_20150317_000127	{s16}{b}Wskaż obszar.
UI_20150317_000128	{s18}{b}Zobacz Minimapę{/}
UI_20150317_000129	{@st41b}Lista Narzędzi{/}
UI_20150317_000130	{@st59b}Kolekcje {nl}{@st59s}- Zakup Klaser Kolekcjonerski aby dodawać przedmioty kolekcjonerskie do swojej kolekcji. {nl} - Klawisz skrótu kolekcji zostanie włączony kiedy użyjesz Klaseru Kolekcjonerskiego. {nl} {/}
UI_20150317_000131	{@st59}Zamknij informacje o Kolekcji{/}
UI_20150317_000132	{@st43}Kolekcja{/}
UI_20150317_000133	{@st43}Kolorowy spray{/}
UI_20150317_000134	{@st49}Kolorowy spray{/}
UI_20150317_000135	{@st49}Kolor{/}
UI_20150317_000136	{@st49}Pozostało{/}
UI_20150317_000137	{@st49}Pędzel{/}
UI_20150317_000138	{@st49}{a END_EDIT_SPRAY}Rysuj{/}{/}
UI_20150317_000139	{@st49}{a SAVE_EDIT_SPRAY}Zapisz{/}{/}
UI_20150317_000140	{@st49}{a LOAD_EDIT_SPRAY}Importuj{/}{/}
UI_20150317_000141	{@st49}Zamknij{/}
UI_20150317_000142	{@st43} Adopcja Towarzysza
UI_20150317_000143	{@st59} Wpisz imię swojego świeżo adoptowanego Towarzysza {/}
UI_20150317_000144	{@st41b}Imię{/}
UI_20150317_000145	{@st41b}Cena %s{/}
UI_20150317_000146	{@st59}Zamknij okno Adopcji Towarzysza {/}
UI_20150317_000147	{@st41b}Adoptuj
UI_20150317_000148	{@st59}Potwierdź adopcję {/}
UI_20150317_000149	{@st43}Sklep z Towarzyszami
UI_20150317_000150	{@st59}Zamknij Sklep z Towarzyszami{/}
UI_20150317_000151	{@st43}Inne informacje o Postaci{/}{@st42}
UI_20150317_000152	{@st59}Zamknij informacje o Postaci{/}
UI_20150317_000153	{@st41b}Informacje
UI_20150317_000154	{@st41b}Zachowaj
UI_20150317_000155	Nazwa Drużyny
UI_20150317_000156	Nazwa Postaci
UI_20150317_000157	Krąg {#ffff00}%s{/} %s Lv. {#ffff00}%s{/}
UI_20150317_000158	Warrior
UI_20150317_000159	{memo X}Indeks Przygody {#ffff00}%s{/} (ranga{#ffff00}%s{/}/%s)
UI_20150317_000160	Indeks Przygody {#ffff00}%s{/} ({#ffff00}bez rangi{/})
UI_20150317_000161	Suma Osiągnięć : {#ffff00}%s{/}
UI_20150317_000162	Ustawienia
UI_20150317_000163	Wyczyść tytuł zakładki aby ją usunąć.
UI_20150317_000164	{@st49}Wszystkie{/}
UI_20150317_000165	{@st49}System{/}
UI_20150317_000166	{@st49}Rozmowa{/}
UI_20150317_000167	{@st49}Walka{/}
UI_20150317_000168	{@st49}Przedmiot{/}
UI_20150317_000169	{@st43}Kredyty{/}
UI_20150317_000170	{memo X}{@st43}Ustawienia namierzania celu {/}
UI_20150317_000171	Imię NPC
UI_20150317_000172	Porównaj
UI_20150317_000173	Ilustracja
UI_20150317_000174	Wybierz opcję rozmowy
UI_20150317_000175	Pomoc tekstowa
UI_20150317_000176	{@st41}Tworzenie Przedmiotów{/}
UI_20150317_000177	{@st45tw2}Tworzenie przedmiotu...
UI_20150317_000178	%r sekund
UI_20150317_000179	{@st41}Anuluj{/}
UI_20150317_000180	{@st45tw2}Ilość{/}
UI_20150317_000181	{@st45tw2}Czy chcesz stworzyć ten przedmiot?
UI_20150317_000182	{@st41}Potwierdź{/}
UI_20150317_000183	Informacje o Queście
UI_20150317_000184	{@st59}Anuluj wymianę{/}
UI_20150317_000185	{@st43}Wymiana osobista{/}
UI_20150317_000186	Moja lista na wymianę
UI_20150317_000187	Silver : %s
UI_20150317_000188	{memo X}Wprowadź
UI_20150317_000189	{@st41}Akceptuj
UI_20150317_000190	{@st41}Potwierdź
UI_20150317_000191	Lista na wymianę gracza (%s)
UI_20150317_000192	Imię drugiego gracza
UI_20150317_000193	{s18}{ol} {gr gradation1}Event Polowy{/}
UI_20150317_000194	{s20}{ol}Pokonaj Vubbe Tribe! Chcesz dołączyć?
UI_20150317_000195	{s20}{ol}%s Czy chcesz dołączyć?
UI_20150317_000196	{s20}{ol}Uczestnicy : (1/5)
UI_20150317_000197	{s20}{ol}Uczestnicy : (%s/%s)
UI_20150317_000198	{s20}{ol}Gra rozpocznie się za 1 sekundę.
UI_20150317_000199	{s20}{ol}Gra rozpocznie się za %s sekund.
UI_20150317_000200	Nie pokazuj tego więcej dzisiaj.
UI_20150317_000201	Nie pokazuj Eventów Polowych.
UI_20150317_000202	Dołącz do gry
UI_20150317_000203	Rozpocznij grę z innymi graczami.
UI_20150317_000204	Odrzuć zaproszenie do gry.
UI_20150317_000205	Szablony sprayów
UI_20150317_000206	{@st49}Wybierz{/}
UI_20150317_000207	{@st49}Anuluj{/}
UI_20150317_000208	{@st49}Usuń{/}
UI_20150317_000209	Wpisz nazwę pliku do zapisania.
UI_20150317_000210	{@st43}Znajomi
UI_20150317_000211	{@st59}Zamknij Listę Znajomych{/}
UI_20150317_000212	{@st59b}Znajomi{nl}{@st59s} - Zaprzyjaźnij się z innymi graczami. {nl} - Możesz sprawdzić status swoich znajomych w zakładce Lista Znajomych. {nl} - W zakładce Zarządzaj możesz zapraszać, odrzucać zaproszenia lub blokować znajomych. {/}
UI_20150317_000213	{@st41b}Pokazuj znajomych online{/}
UI_20150317_000214	{@st41b}Lista
UI_20150317_000215	{@st41b}Zarządzaj
UI_20150317_000216	{@st41b}Wyślij zaproszenie do znajomych
UI_20150317_000217	{@st41b}Zablokuj
UI_20150317_000218	{@st59}Szukaj{/}
UI_20150317_000219	{@st44}Gildia{/}
UI_20150317_000220	Gildia
UI_20150317_000221	Lista
UI_20150317_000222	Aktualności
UI_20150317_000223	Misja gildii
UI_20150317_000224	Członkowie online
UI_20150317_000225	{@st44}Stwórz Gildię{/}
UI_20150317_000226	{@st42}Stwórz{/}
UI_20150317_000227	{@st42}Zamknij{/}
UI_20150317_000228	{@st42}Wszystkie{/}
UI_20150317_000229	{@st42}Dzisiejsze rankingi{/}
UI_20150317_000230	{@st42}Tygodniowe rankingi{/}
UI_20150317_000231	{@st56}Ranga {/}
UI_20150317_000232	{@st56}Punktów{/}
UI_20150317_000233	{@st56}Klasa{/}
UI_20150317_000234	{@st56}Nazwa {/}
UI_20150317_000235	Poprzednia strona
UI_20150317_000236	Kolejna strona
UI_20150317_000237	{@st42}Szukaj po ID{/}
UI_20150317_000238	Wpisz ID do wyszukania
UI_20150317_000239	Zamknij Halę Sławy
UI_20150317_000240	Wpisz ID do wyszukania
UI_20150317_000241	{memo X}{@st59} Stamina {/}
UI_20150317_000242	{@st43}Lista Pomocy{/}
UI_20150317_000243	{@st59}Zamknij okno Listy Pomocy{/}
UI_20150317_000244	{@st59b}Lista Pomocy{nl}{@st59s} - Jeśli potrzebujesz z czymś pomocy, możesz w każdej chwili przeczytać Tematy Pomocy. {nl} - Wybierz temat aby wyświetlić więcej informacji o nim. {/}
UI_20150317_000245	{@st43}{s22}Pomoc{/}
UI_20150317_000246	{@st47_b}{b}Tematy pomocy{/}
UI_20150317_000247	{@st42b}Zawartość prostej pomocy{/}
UI_20150317_000248	{@st59}Zobacz szczegóły{/}
UI_20150317_000249	Wybierz ilość
UI_20150317_000250	{@st59}Wpisz zawartość{/}
UI_20150317_000251	{@st41b}Potwierdź
UI_20150317_000252	{@st59}Potwierdź {/}
UI_20150317_000253	{@st41b}Zamknij
UI_20150317_000254	{@st59}Anuluj {/}
UI_20150317_000255	{@st43}Warpuj{/}
UI_20150317_000256	{@st59}Zamknij okno Warpowania{/}
UI_20150317_000257	{@st59b}Warpowanie{nl}{@st59s} - Pozwala na szybką podróż między odwiedzonymi wcześniej miejscami. {nl} - Usługa na zostanie aktywowana po odkryciu co najmniej dwóch punktów warpowania. {nl} {/}
UI_20150317_000258	{@st41}Obecna lokalizacja : %s{/}
UI_20150317_000259	{@st43}{s22}Warpuj{/}
UI_20150317_000260	{@st41b}Chcesz przenieść się do tego miejsca?{/}
UI_20150317_000261	What about Siauliai
UI_20150317_000262	Zużyte monety : 0
UI_20150317_000263	Intro
UI_20150317_000264	{@st43}Przedmioty{/}
UI_20150317_000265	{@st59}Zamknij Przedmioty{/}
UI_20150317_000266	{memo X}{@st59b}Ekwipunek {nl} {@st59s}- Fryzura/Kostium: Ekwipunek zmieniający wygląd postaci. {nl} - Broń: Może być noszona jednoręcznie lub dwuręcznie {nl} (pod-broń/tarcza może być noszona tylko jednoręcznie) {nl} - Zbroja: Góra, Spodnie, Rękawice, Obuwie. {nl} - Accessories: Can equip 1 Necklace and 2 Bracelets. {nl} {/}
UI_20150317_000267	{@st59}Fryzura Kostium 1{/}
UI_20150317_000268	{@st59}Fryzura Kostium 2{/}
UI_20150317_000269	{@st59}Naszyjnik{/}
UI_20150317_000270	{@st59}Kostium{/}
UI_20150317_000271	{@st59}Góra{/}
UI_20150317_000272	{@st59}Rękawice{/}
UI_20150317_000273	{@st59}Spodnie{/}
UI_20150317_000274	{@st59}Obuwie{/}
UI_20150317_000275	{@st59}Lewa ręka{/}
UI_20150317_000276	{@st59}Prawa ręka{/}
UI_20150317_000277	{@st59}Bransoleta 1{/}
UI_20150317_000278	{@st59}Bransoleta 2{/}
UI_20150317_000279	{@st59}Opaska na rękę{/}
UI_20150317_000280	{@st59}Szukaj{/}
UI_20150317_000281	Waga
UI_20150317_000282	{memo X}{@st43}Buffy ekwipunku{/}
UI_20150317_000283	{@st59}Zamknij okno Naprawy Przedmiotu{/}
UI_20150317_000284	{memo X}{@st42}Dostępne do Buffa
UI_20150317_000285	{memo X}{@st42}Zjedz{/}
UI_20150317_000286	{memo X}{@st42}Odpal
UI_20150317_000287	{memo X}{@st42}Przedmiot docelowy{/}
UI_20150317_000288	{@st59}Pierścień 1{/}
UI_20150317_000289	{@st43}Tworzenie Przedmiotów{/}
UI_20150317_000290	{@st42b}Pokazuj tylko dostępne przedmioty{/}
UI_20150317_000291	{@st59}Zamknij okno Tworzenia Przedmiotów {/}
UI_20150317_000292	{@st43}{s22}Podziel Przedmiot
UI_20150317_000293	{@st59}Wpisz ilość{/}
UI_20150317_000294	Pasek HP Potwora
UI_20150317_000295	{@st44}zdobyto Zestaw Przedmiotów{/}
UI_20150317_000296	Wojownik Klawiatury
UI_20150317_000297	Zabito
UI_20150317_000298	99 minut 99 sekund
UI_20150317_000299	38000 punktów
UI_20150317_000300	Enhanced Speed Potion
UI_20150317_000301	{@st41}Confirm{/}
UI_20150317_000302	{@st59b} Dziennik Przygody {nl}{@st59s}- Przebieg twojej gry jest zapisywany w Dzienniku Przygody. {nl} - Możesz rozwijać swój Indeks Przygody przez takie rzeczy jak: zdobywanie przedmiotów, polowanie na potwory, tworzenie przedmiotów i eksploracja mapy.{nl}    Indeks Przygody : Suma wszystkich twoich indeksów. {nl}    Rozwój : 5 punktów za każdy poziom postaci i poziom Klasy {nl}    Przedmioty : Ekwipunek : klasa X 10 punktów, Książki : 10 punktów, Inne : 1 punktów {nl}    Potwory : 10 punktów za każdego potwora (50 punktów za Bossa) {nl}    Mapy : 1 punkt za każde 10% odkrycia mapy {nl}    Questy : 1 punkt za każdy Quest {nl}    Osiągnięcia : Zależnie od osiągnięcia {nl}    Tworzenie przedmiotów : 10 punktów {nl}    Kolekcje : 5 punktów za klaser oraz 45 punktów kiedy zostanie skompletowany {nl} - Możesz otrzymać specjalne nagrody od NPC w mieście zależne od twojego Indeksu Przygody. {/}
UI_20150317_000303	{@sti7}{s22}{ds}Osiągnięcia{/}
UI_20150317_000304	{@st42b}{#22FF22} Top 10% / %s Punktów{/}
UI_20150317_000305	{@st42b} Średni / %s Punktów {/}
UI_20150317_000306	Pierwszy / %s Punktów
UI_20150317_000307	Ranking %s
UI_20150317_000308	%s Punktów
UI_20150317_000309	Profesja
UI_20150317_000310	Drużyna
UI_20150317_000311	{@st59}Zamknij Dziennik Przygody{/}
UI_20150317_000312	{@st43}Ranking Dziennika Przygody{/}
UI_20150317_000313	{@st43}{s22}Ranking   
UI_20150317_000314	{@st43}{s22}Imię
UI_20150317_000315	{@st43}{s22}Wynik
UI_20150317_000316	{@st41}Szczegóły{/}
UI_20150317_000317	{@st43}Rozpocznij tworzenie{/}
UI_20150317_000318	{@st59}Start item crafting.{/}
UI_20150317_000319	{@st44}Klawiatura{/}
UI_20150317_000320	{@st42}Limit czasu
UI_20150317_000321	{@st56}Zabity{/}
UI_20150317_000322	{@st56}Overkill{/}
UI_20150317_000323	{@st56}Zastrzelony{/}
UI_20150317_000324	{@st56}Martwy{/}
UI_20150317_000325	Moc zaklęć
UI_20150317_000326	Obrona
UI_20150317_000327	Odporność na magię
UI_20150317_000328	Ataki krytyczne
UI_20150317_000329	{@st43}Slot{/}
UI_20150317_000330	{@st59}Zamknij okno Zarządzania Slotami{/}
UI_20150317_000331	Włóż swoje przedmioty
UI_20150317_000332	Potencjał
UI_20150317_000333	{memo X}Koszt dodatkowego slota : {#ff9933}%s{/}{nl}Koszt wyjęcia gemu : {#ff9933}%s{/}
UI_20150317_000334	{@st41b}Dodaj slot
UI_20150317_000335	{@st41b}Wyjmij gem
UI_20150317_000336	{@st41}Stwórz{/}
UI_20150317_000337	{@st41}%s %s szt
UI_20150317_000338	Mapa obszaru
UI_20150317_000339	{memo X}Odkryty teren : 95.5%
UI_20150317_000340	{memo X}{@st45tw}Odkryty teren %s% {/}
UI_20150317_000341	{@st59}Zamknij mapę (M){/}
UI_20150317_000342	{@st41}Mapa{/}
UI_20150317_000343	Shift(wyczyść), Ctrl(zaznacz)
UI_20150317_000344	{ol}Tytuł
UI_20150317_000345	{@st41}Dodaj{/}
UI_20150317_000346	{@st41}Usuń{/}
UI_20150317_000347	{@st41}Zapisz{/}
UI_20150317_000348	{@st41}Automatycznie{/}
UI_20150317_000349	{@st41}Resetuj{/}
UI_20150317_000350	{@st59}Ustal ilość.{/}
UI_20150317_000351	{ol}Grupa
UI_20150317_000352	{ol}Wiadomość
UI_20150317_000353	{ol}Dźwięk
UI_20150317_000354	{@st41}Stwórz Minimapę{/}
UI_20150317_000355	{@st55}Mapa terenu
UI_20150317_000356	{@st43}{s22}Rynek{/}
UI_20150317_000357	{@st43}{s24}Rynek{/}
UI_20150317_000358	{@st42b}Filtr{/}
UI_20150317_000359	{@st42b}Typ{/}
UI_20150317_000360	{@st42b}Wym. Lv{/}
UI_20150317_000361	{@st42b}Ulepsz Lv{/}
UI_20150317_000362	{@st42b}Nazwa
UI_20150317_000363	{@st41b}Schowek na Przedmioty%s
UI_20150317_000364	{@st41b}Sprzedaj
UI_20150317_000365	{@st41b}Szukaj
UI_20150317_000366	{@st59}Zamknij okno Rynku{/}
UI_20150317_000367	{@st42b}Sortuj
UI_20150317_000368	{@st41b}Przedmioty na sprzedaż
UI_20150317_000369	{@st43}{s22}Schowek na Przedmioty
UI_20150317_000370	{@st41b}Pobierz wszystko
UI_20150317_000371	{@st41b} Pobierz
UI_20150317_000372	{@st43}{s22}Sprzedaj
UI_20150317_000373	{@st42b}Ilość
UI_20150317_000374	{@st42b}Cena
UI_20150317_000375	{@st42b}Ukryj imię sprzedającego{/}
UI_20150317_000376	{@st41b}Dodaj
UI_20150317_000377	Siege Coin
UI_20150317_000378	Ktoś zabił kogoś
UI_20150317_000379	{@st43}Minigry{/}
UI_20150317_000380	{@st49}Ogniowa Katapulta{/}
UI_20150317_000381	{@st44}Zasady sterowania{/}
UI_20150317_000382	{@st44}Ogień{/}
UI_20150317_000383	Minigra
UI_20150317_000384	{s18}{ol}{gr gradation1}Minigra w chowanego{/}
UI_20150317_000385	{s16}Czy chcesz dołączyć do minigry?
UI_20150317_000386	{s16}Uczestnicy : (0/5)
UI_20150317_000387	{s16}Uczestnicy : (%s /%s)
UI_20150317_000388	{s16}Gra rozpocznie się za 1 sekundę.
UI_20150317_000389	{s16}Gra rozpocznie się za %s sekund.
UI_20150317_000390	{@st59}Przybliż{/}
UI_20150317_000391	{@st59}Oddal{/}
UI_20150317_000392	{@st59}Mapa (M){/}
UI_20150317_000393	{@st42b} Mapa obszaru
UI_20150317_000394	{@st44}Synteza Przedmiotów{/}
UI_20150317_000395	{s16}{#FFcc66}{ol}Wybierz przedmioty do syntezy{/}{/}
UI_20150317_000396	{s16}{#FFcc66}{ol}Przeciągnij składniki na sloty
UI_20150317_000397	{@st42}Syntezuj{/}
UI_20150317_000398	{@st42} Anuluj {/}
UI_20150317_000399	informacje o %s
UI_20150317_000400	Kepa lub ...
UI_20150317_000401	{@st41}{Details}
UI_20150317_000402	{s20}{#050505}Monster Description Monster Description Monster Description Monster Description
UI_20150317_000403	{@st41} Kill {/}
UI_20150317_000404	{@st41} Overkill {/}
UI_20150317_000405	{@st41} Normalny Kill {/}
UI_20150317_000406	{@st41} Obszar {/}
UI_20150317_000407	{@st41} Przedmiot {/}
UI_20150317_000408	{@st41} Osiągnięcie {/}
UI_20150317_000409	Obiekt
UI_20150317_000410	{@st43}Necronomicon{/}
UI_20150317_000411	{@st59}Zamknij okno Necronomiconu{/}
UI_20150317_000412	{memo X}{@st59}Jestem zbyt leniwy by myśleć.{/}
UI_20150317_000413	Przyzwany potwór : {#ffcc33}%s{/}
UI_20150317_000414	{memo X}Undead Harpy
UI_20150317_000415	{memo X}Skill : %s
UI_20150317_000416	{memo X}Skill 1, Skill 2
UI_20150317_000417	{memo X}Wymagane fragmenty : %s
UI_20150317_000418	{memo X}Bestia 60 / Insekt 20 / Mutant 10
UI_20150317_000419	Liczba fragmentów
UI_20150317_000420	{memo X}Części 1
UI_20150317_000421	{memo X}Części 2
UI_20150317_000422	{memo X}Części 3
UI_20150317_000423	Gratulacje! Twój level wzrósł.
UI_20150317_000424	Alarm Przedmiotu
UI_20150317_000425	{@st64}Szczegóły{/}
UI_20150317_000426	Jak grać
UI_20150317_000427	{@st42b}          Porusz się raz każdym z klawiszy{/}
UI_20150317_000428	{@st42b}         Użyj podstawowego ataku{/}
UI_20150317_000429	{@st42b}                Podskocz{/}
UI_20150317_000430	{@st42b}     Użyj dwóch klawiszy na raz aby poruszać się ukośnie{/}
UI_20150317_000431	Narzędzie mgły mapy
UI_20150317_000432	Narzędzie do zabijania potworów
UI_20150317_000433	Narzędzie do tworzenia minimap
UI_20150317_000434	Narzędzie dialogowe
UI_20150317_000435	{@st43}Ustawienia GM{/}
UI_20150317_000436	{@st59}Zamknij okno Informacji o Drużynie{/}
UI_20150317_000437	{@st59b}Informacje o Drużynie{nl}{@st59s} - Kliknij guzik Załóż Drużynę na dole aby stworzyć nową drużynę. {nl} - Kliknij prawym myszki innych graczy aby zaprosić ich do drużyny. {nl} - Możesz zmienić ustawienia drużyny w zakładce Ustawienia. {nl} - Ustaw konkretne warunki aby wyszukać drużynę na Liście Publicznych Drużyn. {/}
UI_20150317_000438	{@st43}Informacje o Drużynie{/}
UI_20150317_000439	{@st41b}Członkowie{/}
UI_20150317_000440	{@st41b}Event Drużynowy {/}
UI_20150317_000441	{@st41b}Ustawienia{/}
UI_20150317_000442	{memo X}{@st41}Członków{/}
UI_20150317_000443	{memo X}{@st41}Warunek dołączenia
UI_20150317_000444	{memo X}{@st41b}Publiczna
UI_20150317_000445	{memo X}{@st41b}Prywatna
UI_20150317_000446	{memo X}Wymagany Level ~
UI_20150317_000447	{memo X}{@st41}Priorytet Przedmiotów
UI_20150317_000448	{memo X}{@st41b}Indywidualnie
UI_20150317_000449	{memo X}{@st41b}Każdy po kolei
UI_20150317_000450	{memo X}{@st41b}Losowo
UI_20150317_000451	{memo X}{@st41}Priorytet EXPa
UI_20150317_000452	{memo X}{@st41b}Indywidualnie
UI_20150317_000453	{memo X}{@st41b}Każdy po równo
UI_20150317_000454	{memo X}{@st41b}Proporcjonalnie do Levela
UI_20150317_000455	{memo X}{@st41}Współdzielenie Questów
UI_20150317_000456	{memo X}{@st41b}Włączone
UI_20150317_000457	{memo X}{@st41b}Wyłączone
UI_20150317_000458	{@st41b}Załóż Drużynę
UI_20150317_000459	{@st43}Lista Publicznych Drużyn {/}
UI_20150317_000460	{@st59b}Lista Publicznych Drużyn{nl}{@st59s} - Wyszukaj drużyny, do których chcesz dołączyć. {nl} - Zaznaczenie pola Użyj Warunków sprawi, że podczas wyszukiwania drużyny zostaną wzięte pod uwagę ustawione warunki. {/}
UI_20150317_000461	{@st59}Zamknij Listę Publicznych Drużyn{/}
UI_20150317_000462	Użyj Warunków
UI_20150317_000463	Współdzielenie Questów
UI_20150317_000464	Priorytet EXPa
UI_20150317_000465	Priorytet Przedmiotów
UI_20150317_000466	{@st43}Zaproś
UI_20150317_000467	{@st41b}Zaproś{/}
UI_20150317_000468	{memo X}{s18}{ol}{gr gradation1}Zasady wylogowania PC{/}
UI_20150317_000469	{ol}Warunki zastosowania zasad (?)
UI_20150317_000470	{ol}Akcja zastosowania zasad (?)
UI_20150317_000471	Wpisz nazwę zasady
UI_20150317_000472	{Gr gradation1}Rejestracja{/}
UI_20150317_000473	Zasady Rejestracji
UI_20150317_000474	{Gr gradation1}Anuluj{/}
UI_20150317_000475	Anuluj akcję
UI_20150317_000476	{@st43}Informacje o Towarzyszu
UI_20150317_000477	{@st59b} Informacje o Towarzyszu{nl}{@st59s} - Możesz ustawić swojego Towarzysza jako Aktywnego lub Odpoczywającego używając guzika poniżej. {nl} - Możesz zmieniać artybuty oraz założone przedmioty twojego Towarzysza. {/}
UI_20150317_000478	{@st59}Zamknij Informacje o Towarzyszu{/}
UI_20150317_000479	{memo X}{@st41b}Imię : {@sti9}%s{/}
UI_20150317_000480	{memo X}{@sti9}%s{@st41b}Bliskość : {@sti9}%s {@st41b}Level{/}
UI_20150317_000481	{memo X}{@st41b}EXP{/}
UI_20150317_000482	{memo X}{@st41b}Wytrzymałość{/}
UI_20150317_000483	{memo X}{@st41b}Bliskość{/}
UI_20150317_000484	{memo X}{@st41b}Atrybuty i Informacje
UI_20150317_000485	{@st43}Towarzysz{/}
UI_20150317_000486	{@st59b}Towarzysz{nl}{@st59s} - Kliknij pozycję na liście aby uzyskać więcej informacji. {/}
UI_20150317_000487	{@st59}Zamknij okno Towarzysza{/}
UI_20150317_000488	{@st59}Zamknij okno Pomocy{/}
UI_20150317_000489	{@st59}Pomoc{nl} - Zobacz szczegółowe informacje oraz wskazówki. {nl} - Zobacz inne tematy z listy pomocy. {/}
UI_20150317_000490	{@st43}Pomoc{/}
UI_20150317_000491	Tematy Pomocy
UI_20150317_000492	{ol}{#AAAA00}{s16}Upłynął czas : %s
UI_20150317_000493	{@st43}Słoik Trucizny{/}
UI_20150317_000494	{@st59}Zamknij okno Słoika Trucizny{/}
UI_20150317_000495	{@st59}Musisz coś wpisać{/}
UI_20150317_000496	{memo X}Ilość trucizny: %s
UI_20150317_000497	{memo X}Przedmioty nadające się na produkcję truciznę
UI_20150317_000498	{memo X}Wybierz wszystkie
UI_20150317_000499	Kliknij ponownie aby odznaczyć
UI_20150317_000500	{memo X}Produkcja
UI_20150317_000501	{memo X}*trzęs trzęs miksu i trzęs*
UI_20150317_000502	{@st43}Kategoria{/}
UI_20150317_000503	{@st43}Ja{/}
UI_20150317_000504	{@st43}Obiekt{/}
UI_20150317_000505	{@st43}Level{/}
UI_20150317_000506	{@st43}Środki{/}
UI_20150317_000507	{@st43}Wskaźnik{/}
UI_20150317_000508	{@st43}Wskaźnik zwycięstw PvP{/}
UI_20150317_000509	{@st59}Zamknij{/}
UI_20150317_000510	{@sti5}Suma zakupionych : %s{/}
UI_20150317_000511	{@sti5}Suma : %s{/}
UI_20150317_000512	{@st41b} Kup
UI_20150317_000513	{memo X}{@st43}ZDobyto przedmioty do produkcji przedmiotu!
UI_20150317_000514	{@st43}Magnum Opus{/}
UI_20150317_000515	{@st41}Usuń wszystko
UI_20150317_000516	{memo X}{@st42}Obiekt Pension (?) {@stx1}(wymagane %s){/}
UI_20150317_000517	{@st41}Połącz
UI_20150317_000518	{@st43}Questy{/}
UI_20150317_000519	{@st59b}Questy{nl}{@st59s} - Kiedy przyjmiesz nowy Quest, zostanie on dodany do okna śledzenia Questów. {nl} - Główne Questy wyświetlane są na żółto, natomiast Questy poboczne na niebiesko. {nl} - Strzałka przy nogach postaci poprowadzi cię do lokacji Questa. {nl} - Jak ukończysz Quest, w oknie śledzenia pojawi się ikonka Powrotu. {nl}    (Możesz teleportować się prosto do NPC, od którego otrzymano Quest wciskając klawisz Backspace albo klikając środkowym myszki) {nl} - Dodaj lub usuń Questy w oknie śledzenia zaznaczając lub odznaczając ptaszek przed jego nazwą. {/}
UI_20150317_000520	{@st41b}Trwa{/}
UI_20150317_000521	{@st41b}Porzuć{/}
UI_20150317_000522	{@st43}{s22}Informacje o Queście{/}
UI_20150317_000523	Misja ukończona
UI_20150317_000524	{@st41}Ukończony{/}
UI_20150317_000525	Informacje o postępie misji
UI_20150317_000526	{s18}{ol}Informacje o Queście
UI_20150317_000527	{s16}Pozostały czas
UI_20150317_000528	Użyj przedmiotu questowego
UI_20150317_000529	Podpowiedź do Questa
UI_20150317_000530	{@st41}Potwierdź{/}
UI_20150317_000531	{@st43}{s22}Quest ukończony{/}
UI_20150317_000532	{@st41b}Ukończony{/}
UI_20150317_000533	{@st41}Akceptuj{/}
UI_20150317_000534	{@st41}Odmów{/}
UI_20150317_000535	{@st44}Wstecz{/}
UI_20150317_000536	Do którego questa chcesz powrócić?
UI_20150317_000537	{memo X}{@st41b}Nazwa Klasy Questa{/}
UI_20150317_000538	{@st59}Powiększ slot {/}
UI_20150317_000539	{@st59}Zmniejsz slot{/}
UI_20150317_000540	{memo X}{@st59}Przyzwij Towarzysza.{/}
UI_20150317_000541	{@st44}Menu{/}
UI_20150317_000542	{@st60}Wybór Postaci{/}
UI_20150317_000543	{@st60}Wyloguj{/}
UI_20150317_000544	{@st60}Wyjdź z gry{/}
UI_20150317_000545	{@st60}Ustawienia gry{/}
UI_20150317_000546	{@st60}Powrót{/}
UI_20150317_000547	{@st41}Pomiń Samouczek{/}
UI_20150317_000548	{@st41}Wybór Postaci{/}
UI_20150317_000549	{@st41}Wyloguj{/}
UI_20150317_000550	{@st41}Wyjdź z gry{/}
UI_20150317_000551	{@st41}Powrót{/}
UI_20150317_000552	{@st43}{s22}Zbierz Rajd!
UI_20150317_000553	{@st41b}Potwory zbliżają się na przedmieściach zamku. Tylko ty możesz opanować sytuację.
UI_20150317_000554	{@st43}{s22}Ustawienia gry{/}
UI_20150317_000555	{@sti7}Wyszukiwanie drużyn na rajd...{/}
UI_20150317_000556	{@st41b}Odwołaj swój udział
UI_20150317_000557	{@st41b}Postaram się to ogarnąć!
UI_20150317_000558	{@st41b}Chyba nie dam rady pomóc...
UI_20150317_000559	{@sti7}{s24}Wybierz nagrody za Rajd{/}
UI_20150317_000560	{@st42b}Pozostały czas {@st43}%s{@st42b} sekund{/}
UI_20150317_000561	{@st41b}Wybierz coś jeszcze
UI_20150317_000562	{@43b}{s22} Możesz wybrać tyle razy : {@st43}%s{/}
UI_20150317_000563	shadow_box tentativeremoval
UI_20150317_000564	{@st43}Ranking{/}
UI_20150317_000565	{@st59}Zamknij okno Rankingu{/}
UI_20150317_000566	{@st41}Zabójcy Potworów Top 100{/}
UI_20150317_000567	{@st41}Obrażenia Top 100{/}
UI_20150317_000568	{@st41}Bogactwo Top 100{/}
UI_20150317_000569	{@st41}Level Top 100{/}
UI_20150317_000570	{@st41b}Menu{/}
UI_20150317_000571	{@st43}{s22}Ulepsz Przedmiot{/}
UI_20150317_000572	{@st41b}Wybrany Przedmiot
UI_20150317_000573	{@st41b}Kowadło
UI_20150317_000574	{@st41}{s20}Ilość uderzeń w kowadło :{@st43} %s
UI_20150317_000575	{@st41} {s20}Cena : %s
UI_20150317_000576	{@st41b}Ulepsz{/}
UI_20150317_000577	{@st59}Rozpocznij ulepszanie Przedmiotu{/}
UI_20150317_000578	{@st59}Zamknij okno ulepszeń{/}
UI_20150317_000579	{@st41b} Czy na pewno chcesz ulepszyć {@sti9}×%s{/} wybranych przedmiotów?{/}
UI_20150317_000580	{memo X}{@st43}Ulepsz
UI_20150317_000581	{@st44}Ulepsz Przedmiot{/}
UI_20150317_000582	{s24}{b}{#000000}Ulepszenie ukończone!
UI_20150317_000583	{@st41}Ulepsz ponownie{/}
UI_20150317_000584	{@st41}Zamknij{/}
UI_20150317_000585	{s18}{ol}{gr gradation1}Napraw Ekwipunek{/}
UI_20150317_000586	Założony Ekwipunek
UI_20150317_000587	Przechowywany Ekwipunek
UI_20150317_000588	{Gr gradation1}Wybierz wszystko{/}
UI_20150317_000589	Wybierz wszystko
UI_20150317_000590	{Gr gradation1}Napraw{/}
UI_20150317_000591	{@st43}Napraw{/}
UI_20150317_000592	{memo X}Lista przedmiotów do naprawy
UI_20150317_000593	{@st41b}Koszt naprawy{/}
UI_20150317_000594	{@st41b}Po naprawie{/}
UI_20150317_000595	{@st41b}Napraw Ekwipunek{/}
UI_20150317_000596	Napraw wybrany Ekwipunek.
UI_20150317_000597	{@st59}Zamknij okno Naprawy Przedmiotów{/}
UI_20150317_000598	{@st43}Napraw Przedmiot{/}
UI_20150317_000599	{@st41}Lista przedmiotów do Naprawy{/}
UI_20150317_000600	{@st44}Naprawa Przedmiotu{/}
UI_20150317_000601	{@st42}Napraw{/}
UI_20150317_000602	{@st59}Napraw wg obecnych ustawień{/}
UI_20150317_000603	{@st59}Nie naprawiaj{/}
UI_20150317_000604	{@st44}Wznów{/}
UI_20150317_000605	{memo X}{@st41b}Jesteś teraz {/}{s20}{#cc6600}{ol} niezdolny do walki{/}{@st41b}{/}
UI_20150317_000606	{memo X}{@st41b}Respawnuj się z najbliższego Punktu Odnowy{/}
UI_20150317_000607	{memo X}{@st41b}Respawnuj się tutaj (wymagane %s iCoin) {/}
UI_20150317_000608	{memo X}{@st41b}Powróć na pole{/}
UI_20150317_000609	{memo X}{@st41b}Porzuć quest i zrestartuj{/}
UI_20150317_000610	{memo X}{@st41b}Spróbuj ponownie{/}
UI_20150317_000611	Sanktuarium Zmartwychwstania (70031)
UI_20150317_000612	Ten przedmiot jest potrzebny.
UI_20150317_000613	Quickslot Wypoczynku
UI_20150317_000614	{@st43}Okno dialogowe{/}
UI_20150317_000615	Tymczasowa Nazwa
UI_20150317_000616	{memo X}{@st41b} {s18} Brak miejsca w inwentarzu. 
UI_20150317_000617	{memo X}Nie możesz podnieść przedmiotu ponieważ twój inwentarz jest pełny{nl}Upewnij się, że masz wystarczająco miejsca i spróbuj ponownie.
UI_20150317_000618	{@st44}Zdobyto Zestaw Przedmiotów!{/}
UI_20150317_000619	Wybierz przedmiot
UI_20150317_000620	{memo X}{@st59b} Sklep {nl} {@st59s} - Jeśli chcesz kupić przedmiot hurtowo, kliknij prawym myszki na pole ilości. {nl} - Aby sprzedać przedmioty hurtowo, kliknij dwa razy prawym myszki na przedmiocie. {/}
UI_20150317_000621	{@st59}Zamknij Sklep{/}
UI_20150317_000622	{@st59}Pierwsza strona{/}
UI_20150317_000623	{@st59}Następna strona{/}
UI_20150317_000624	{@st59}Ostatnia strona{/}
UI_20150317_000625	{@st41b}Zresetuj{/}
UI_20150317_000626	{@st59}Zresetuj koszyk zakupowy{/}
UI_20150317_000627	{@st41b}Potwierdź{/}
UI_20150317_000628	{@st59}Dokonaj transakcji{/}
UI_20150317_000629	{@st43}Sklep{/}
UI_20150317_000630	{@st41b}Kupione Przedmioty{/}
UI_20150317_000631	{@st41b}Sprzedane Przedmioty{/}
UI_20150317_000632	{memo X}{@st41b}Cena{/}
UI_20150317_000633	{memo X}{@st41b}Saldo{/}
UI_20150317_000634	{memo X}{@st41b}Moje sprzedane przedmioty{/}
UI_20150317_000635	{@st41}Puste sloty{/}
UI_20150317_000636	{@st43}Suma{/}
UI_20150317_000637	{@st41}Potwierdź transakcję{/}
UI_20150317_000638	{@st41}Po transakcji{/}
UI_20150317_000639	{@st41}Kupione przedmioty{/}
UI_20150317_000640	{memo X}{@sti1c}Simony
UI_20150317_000641	{@st41}Skille Tworzenia
UI_20150317_000642	{@st42}Level %s{/}
UI_20150317_000643	Koszta tworzenia
UI_20150317_000644	Ilość tworzenia
UI_20150317_000645	Zużyto około %s sekund
UI_20150317_000646	{@st41}Stwórz
UI_20150317_000647	{memo X}{@st43}Skille i Atrybuty{/}
UI_20150317_000648	{memo X}{@st59}Zamknij Klasy i Skille{/}
UI_20150317_000649	{@st59b}Klasy{nl}{@st59s}- Możesz nauczyć się nowych skilli rozwijając Krąg swojej Klasy. {nl} - Możesz wybrać spośród 3 dostępnych Klas do rozwoju pomiędzy twoim 1 i 2 poziomem rozwoju. {nl} - Możesz rozwijać swoją obecną Klasę maksymalnie 3 razy. {nl} - Po rozwoju na wyższą Klasę, nie możesz się cofnąć do poprzedniej. {nl} - Musisz zużyć wszystkie wolne punkty Skilli aby móc się rozwinąć. {nl} - Możesz wybrać tę samą Klasę.{nl}{@st59b}Skille{nl}{@st59s} - Możesz zwiększyć rangę danego Skilla maksymalnie do 5 poziomu.{nl} - Atrybuty nauczone od Mistrzów możesz zobaczyć pod swoimi Skillami. {/}
UI_20150317_000650	{memo X}{@st41b}Zastosuj{/}
UI_20150317_000651	{@st59}Zastosuj{/}
UI_20150317_000652	Cleric
UI_20150317_000653	{@st59}Anuluj{/}
UI_20150317_000654	Uczenie się {#ff4400}%s (Lv. %s){/}...
UI_20150317_000655	Psychohassle
UI_20150317_000656	zostało %s minut
UI_20150317_000657	{@st43}Poza{/}
UI_20150317_000658	{@st59}Zamknij Pozy{/}
UI_20150317_000659	{@st41}Tablica{/}
UI_20150317_000660	{@st41}Wymiana{/}
UI_20150317_000661	{@st41}Funkcje Społecznościowe{/}
UI_20150317_000662	{@st41b}Napisz{/}
UI_20150317_000663	{@st41}Zarejestruj{/}
UI_20150317_000664	{@st59}Zarejestruj wpis{/}
UI_20150317_000665	{@st41}Otwórz Moją Stronę{/}
UI_20150317_000666	{@st59}Opublikuj Moją Stronę{/}
UI_20150317_000667	{@st59}Wpisz powitanie{/}
UI_20150317_000668	{@st41b}1. Menu{/}
UI_20150317_000669	{@st41}Odwiedź{/}
UI_20150317_000670	{@st59}Odwiedź Moją Stronę{/}
UI_20150317_000671	{@st41}Sprzedaj{/}
UI_20150317_000672	{@st59}Sprzedaj przedmiot{/}
UI_20150317_000673	{@st43}Życie{/}
UI_20150317_000674	{@st59}Zamknij Życie{/}
UI_20150317_000675	{@st41}Zobacz wszystko{/}
UI_20150317_000676	{@st41}Utwórz Mapę{/}
UI_20150317_000677	{@st41}%s/min (%s w ręku){/}
UI_20150317_000678	Keyboard Warrior
UI_20150317_000679	{@st42}%s{/}{@st42_yellow}Level{/}
UI_20150317_000680	{@st41_yellow}Czas Zatrudnienia
UI_20150317_000681	{@st43}Graffiti{/}
UI_20150317_000682	{@st59}Zamknij Spray{/}
UI_20150317_000683	{@st41b}Podpowiedź : Narysuj obrazek w ramce poniżej{/}
UI_20150317_000684	{@st41b}Kolory{/}
UI_20150317_000685	{@st41b}Ilość{/}
UI_20150317_000686	{@st41b}Pędzel{/}
UI_20150317_000687	{@st43}Narysuj{/}
UI_20150317_000688	{@st59}Narysuj gotowy obrazek na ziemi.{/}
UI_20150317_000689	{@st41b}{a SAVE_EDIT_SPRAY}Zapisz{/}{/}
UI_20150317_000690	{@st59}Zapisz obrazki{/}
UI_20150317_000691	{@st41b}{a LOAD_EDIT_SPRAY}Otwórz{/}{/}
UI_20150317_000692	{@st59}Otwórz zachowane obrazki.{/}
UI_20150317_000693	{@st59}Wybrany kolor 1{/}
UI_20150317_000694	{@st59}Wybrany kolor 2{/}
UI_20150317_000695	{@st59}Paleta kolorów{/}
UI_20150317_000696	{@st59}Wybrany pędzel{/}
UI_20150317_000697	{@st59}Pędzel 1{/}
UI_20150317_000698	{@st59}Pędzel 2{/}
UI_20150317_000699	{@st59}Pędzel 3{/}
UI_20150317_000700	{@st59}Pędzel 4{/}
UI_20150317_000701	{@st59}Pędzel 5{/}
UI_20150317_000702	{@st59}Pędzel 6{/}
UI_20150317_000703	{@st49}Ludzie, którzy to lubią{/}
UI_20150317_000704	{s20}{#050505}Opisz co chcesz
UI_20150317_000705	{@st41} Wszyscy {/}
UI_20150317_000706	{@st41} Drużyna {/}
UI_20150317_000707	{@st41} Potwór {/}
UI_20150317_000708	{memo X}{@st41b}{#f0dcaa}Pozostałe punkty statystyk ▶ {@st46}%s
UI_20150317_000709	{@st59b}Moje Informacje{nl}{@st59s}- Statystyki : Levelując, zdobywasz punkty statystyk, które możesz użyć do ulepszenia 5 statystyk by stać się mocniejszym. {nl}- Informacja : Informacje o twojej postaci liczone na podstawie aktualnych statystyk oraz ekwipunku. {nl}- Tytuł : Tytuły można otrzymać zdobywając osiągnięcia. {nl} {/}
UI_20150317_000710	{@st41b}Informacje{/}
UI_20150317_000711	{memo X}{@st41b}Tytuł{/}
UI_20150317_000712	Pokaż Klasę
UI_20150317_000713	Pokaż imię postaci
UI_20150317_000714	{@st59}Zmień imię postaci{/}
UI_20150317_000715	{memo X}{@st41b}Zastosuj
UI_20150317_000716	{@st59}Zastosuj{/}
UI_20150317_000717	{@st41b}Anuluj
UI_20150317_000718	{memo X}{@st59}Anuluj{/}
UI_20150317_000719	Nazwa PC
UI_20150317_000720	{@st41_yellow}Level: {@st41}%s{/}
UI_20150317_000721	{memo X}{@st41_yellow}Skille Najemnika
UI_20150317_000722	{@st43}Efekty ataku{/}
UI_20150317_000723	{@st43}Efekty obrony{/}
UI_20150317_000724	{@st43}Stat{/}
UI_20150317_000725	systemmenu_vertical tentative removal
UI_20150317_000726	{@st59}Informacje o Postaci (F1){/}
UI_20150317_000727	{@st59}Inwentarz (F2){/}
UI_20150317_000728	{@st59}Klasy i Skille (F3){/}
UI_20150317_000729	{@st59}Dziennik Przygody (F4){/}
UI_20150317_000730	{@st59}Questy (F5){/}
UI_20150317_000731	{@st59}Drużyna (F6){/}
UI_20150317_000732	{@st59}Znajomi (F7){/}
UI_20150317_000733	{@st59}Makra (F8) {/}
UI_20150317_000734	{@st59}Towarzysz (F9) {/}
UI_20150317_000735	{@st59}Pomoc (F10) {/}
UI_20150317_000736	{@st59}Menu Systemowe (Esc){/}
UI_20150317_000737	{@st59}Necronomicon{/}
UI_20150317_000738	Pomoc (F1)
UI_20150317_000739	Treść
UI_20150317_000740	Zobacz Szczegóły
UI_20150317_000741	{@st43}Ustawienia Gry{/}
UI_20150317_000742	{@st43}Gra{/}
UI_20150317_000743	{memo X}{@st41b}Pokazuj zdobywany EXP{/}
UI_20150317_000744	{memo X}{@st41b}Pokazuj imiona postaci{/}
UI_20150317_000745	{memo X}{@st41b}Pokazuj tylko nazwę drużyny{/}
UI_20150317_000746	{memo X}{@st41b}Pokazuj podpowiedzi do questów{/}
UI_20150317_000747	{@st43}Rozdzielczość{/}
UI_20150317_000748	{@st43}Grafika{/}
UI_20150317_000749	{memo X}{@st41b}Pełen ekran{/}
UI_20150317_000750	{memo X}{@st41b}W oknie{/}
UI_20150317_000751	{@st43}Dźwięk{/}
UI_20150317_000752	{memo X}{@st41b}Głośność efektów dźwiękowych (%s){/}
UI_20150317_000753	{memo X}{@st41b}Głośność muzyki (%s){/}
UI_20150317_000754	{memo X}{@st41b}Głośność (%s){/}
UI_20150317_000755	{@st43}{b}Wybierz język{/}
UI_20150317_000756	{@st59}Zamknij Ustawienia{/}
UI_20150317_000757	{memo X}Lowest-mode {@st41b} {/}
UI_20150317_000758	{@st41b}Zobacz{/}
UI_20150317_000759	{@st59}Kredyty{/}
UI_20150317_000760	Target buff window
UI_20150317_000761	{@st46}Obrazek IMC
UI_20150317_000762	{@st46}Obrazek %s
UI_20150317_000763	{@st46}Lubię
UI_20150317_000764	{@st46}Zgłoś
UI_20150317_000765	{@st46}Use preservatives
UI_20150317_000766	{@st46}Usuń obrazek
UI_20150317_000767	Snow Hallucination
UI_20150317_000768	Bouquet
UI_20150317_000769	{@st41} Prezenty
UI_20150317_000770	Podaj ilość
UI_20150317_000771	{@st53b}%s wygrywa %s przegrywa (?)
UI_20150317_000772	{@st42}Dzisiejszy rozkład
UI_20150317_000773	{@st53}Do rozpoczęcia :
UI_20150317_000774	{@st53b}Otrzymane prezenty : ×%s
UI_20150317_000775	{@st43b}Wyślij prezent dla %s{/}
UI_20150317_000776	{@st55_a}Kolejna gra
UI_20150317_000777	{@st53}- Kliknij na imię aby obserwować{nl}- Kliknij prawym myszki aby podarować prezent
UI_20150317_000778	Moja postać jako kamera
UI_20150317_000779	{@st55_a}Gratulacje!
UI_20150317_000780	{@st42}Zmień kamerę
UI_20150317_000781	{@st44}Dziennik Przygody{/}
UI_20150317_000782	{@st59}Zmień ustawienia widoku{/}
UI_20150317_000783	{@st41} Statystyki {/}
UI_20150317_000784	{@st41}Tworzenie {/}
UI_20150317_000785	{@st41} Polowanie {/}
UI_20150317_000786	{@st41} Pomoc {/}
UI_20150317_000787	{@st44}Strona Wiki{/}
UI_20150317_000788	{@st42}Informacje{/}
UI_20150317_000789	{@st42}Szczegóły{/}
UI_20150317_000790	{@st42}Walka{/}
UI_20150317_000791	{@st42}Przyjmij{/}
UI_20150317_000792	{@st59}Zamknij stronę{/}
UI_20150317_000793	{memo X}{@st43}Pole Bitwy
UI_20150317_000794	{memo X}{@st59}Zamknij Pole Bitwy.
UI_20150317_000795	{memo X}(Bronzowy 3)
UI_20150317_000796	{@sti8}Dzisiejsze Punkty do zdobycia : {nl}%s{/}
UI_20150317_000797	{@st41}Sklep z Punktami
UI_20150317_000798	{@st41}Ranking
UI_20150317_000799	{memo X}{@st42}Rozkład Pola Bitwy
UI_20150317_000800	{@st42}Ostatnie Rekordy
UI_20150317_000801	{@st41}Przyjmij EXP
UI_20150317_000802	{@st41}Strona PvP
UI_20150317_000803	{@st41}Szukaj
UI_20150317_000804	{memo X}{@st43}Ranking Pola Bitwy
UI_20150317_000805	{memo X}{@st59}Zamknij Ranking Pola Bitwy
UI_20150317_000806	{@st56}Nazwa Skilla{/}
UI_20150317_000807	{@st41}Sprawdź współrzędne{/}
UI_20150317_000808	{@st41}Znajdź{/}
UI_20150317_000809	{@st42b}Zarządzaj regeneracją potworów{/}
UI_20150317_000810	{@st42b}Lista Potworów{/}
UI_20150317_000811	{@st42b}Stwórz UI{/}
UI_20150317_000812	{@st42b}Mgła Mapy{/}
UI_20150317_000813	{@st42b}Stwórz Mapę{/}
UI_20150317_000814	{@st42b}Stwórz Minimapę{/}
UI_20150317_000815	{@st42b}Dialog {/}
UI_20150317_000816	{@st42b}Zmień nagrody za Questy{/}
UI_20150317_000817	{@st42b}Grupowa regeneracja{/}
UI_20150317_000818	{@st42b}Ustaw lokację na mapie{/}
UI_20150317_000819	{@st42b}Mapa Skilli{/}
UI_20150317_000820	{@st42b}Lista eventów{/}
UI_20150317_000821	{@st42b}Sprawdź współrzędne{/}
UI_20150317_000822	{@st42b} Sprawdź XAC, ścieżkę tekstur{/}
UI_20150317_000823	{@st42b}Wydajność ON/OFF{/}
UI_20150317_000824	Lista dialogowa
UI_20150317_000825	Szukaj
UI_20150317_000826	{@st41}Podgląd{/}
UI_20150317_000827	{@st41}Off{/}
UI_20150317_000828	{@st41}Usuń{/}
UI_20150317_000829	{@st41}Zapisz wszystko{/}
UI_20150317_000830	{@st41}Zachowaj zdjęcie{/}
UI_20150317_000831	{#FFFFFF}{ds}Wybierz Event
UI_20150317_000832	{#FFFFFF}{ds}Edytuj Event
UI_20150317_000833	{ol}Lista
UI_20150317_000834	Nazwa grupy do zapisania
UI_20150317_000835	{@st42}Stwórz nową{/}
UI_20150317_000836	{@st41}Grupowa regeneracja{/}
UI_20150317_000837	{@st59}Wpisz nazwę potwora do wyszukania{/}
UI_20150317_000838	{@st59}Wpisz nazwę grupy do zapisania{/}
UI_20150317_000839	{@st41}Nowa grupa{/}
UI_20150317_000840	Filtrowanie
UI_20150317_000841	{@st59}Wpisz filtr{/}
UI_20150317_000842	{ol}Wartość
UI_20150317_000843	Lista Klas
UI_20150317_000844	Zastosuj to XMLa
UI_20150317_000845	{#FFFFFF}{ds}Logi
UI_20150317_000846	{#FFFFFF}{ds}Zobacz wszystkie wartości
UI_20150317_000847	Wpisz słowo do wyszukania
UI_20150317_000848	Wszystkie wartości
UI_20150317_000849	{ol}Nazwa
UI_20150317_000850	{ol}Wartość
UI_20150317_000851	Rogue
UI_20150317_000852	{ol}Wersja
UI_20150317_000853	{ol}Rogue
UI_20150317_000854	Lista Klas
UI_20150317_000855	Konwersja do XML
UI_20150317_000856	{ol}Nazwa Klasy
UI_20150317_000857	{ol}Nazwa wartości
UI_20150317_000858	{ol}Zmieniona wartość
UI_20150317_000859	{ol}Zastosuj
UI_20150317_000860	Otwórz folder
UI_20150317_000861	Zaznacz wszystko
UI_20150317_000862	Historia
UI_20150317_000863	Przywróć wartość
UI_20150317_000864	{ol}Wybierz przedmiot
UI_20150317_000865	Wpisz nazwę do wyszukania
UI_20150317_000866	{@st42}Potwierdź{/}
UI_20150317_000867	{@st41}Stwórz UI{/}
UI_20150317_000868	{ol}Ramka
UI_20150317_000869	{@st41}Ramka{/}
UI_20150317_000870	{@st41}Guzik{/}
UI_20150317_000871	{@st41}Tekst{/}
UI_20150317_000872	{@st42b}Normalny{img btn_close}
UI_20150317_000873	{@st42b}Aukcja{img btn_close}
UI_20150317_000874	{@st41}Ustaw lokację na mapie{/}
UI_20150317_000875	{@st41}Rename{/}
UI_20150317_000876	{@st59}Enter the words you want to filter{/}
UI_20150317_000877	{@st41}Create{/}
UI_20150317_000878	{@st56}XML save{/}
UI_20150317_000879	{@st56}Reset{/}
UI_20150317_000880	{@st56}Attribute{/}
UI_20150317_000881	{@st56}Value{/}
UI_20150317_000882	{@st42}Content{/}
UI_20150317_000883	{@st41}Undo{/}
UI_20150317_000884	{@st41}Save all{/}
UI_20150317_000885	{@st41}XML Open{/}
UI_20150317_000886	{@st42b}Fixed Skill : 0{/}
UI_20150317_000887	{@st42b}Fixed skill : %s{/}
UI_20150317_000888	{@st42b}Mouse homing{/}
UI_20150317_000889	{@st42b}Skill name{/}
UI_20150317_000890	{@st41}Monster list{/}
UI_20150317_000891	{@st41}Performance Manager{/}
UI_20150317_000892	{ol}Select Quest
UI_20150317_000893	Enter quest name to search
UI_20150317_000894	{ol}Wybierz mapę
UI_20150317_000895	Enter map name to search
UI_20150317_000896	{@st42}Current map{/}
UI_20150317_000897	{ol}Nazwa mapy
UI_20150317_000898	{ol}Współrzędne
UI_20150317_000899	{@st41}Zmień nagrody za Quest{/}
UI_20150317_000900	{@st59}Enter quest to search{/}
UI_20150317_000901	{@st59}Enter the item to search for{/}
UI_20150317_000902	{@st42}EXP
UI_20150317_000903	{ol}Podstawowe nagrody
UI_20150317_000904	{ol}Ilość
UI_20150317_000905	{ol}Dodatkowe nagrody
UI_20150317_000906	{@st45}Często używa czity
UI_20150317_000907	{@st41}Mapa skilli{/}
UI_20150317_000908	{@st42}Umiejętność{/}
UI_20150317_000909	{@st42}Warrior{/}
UI_20150317_000910	{@st42}Wizard{/}
UI_20150317_000911	{@st42}Archer{/}
UI_20150317_000912	{@st42}Monk{/}
UI_20150317_000913	{@st42}Sorcerer{/}
UI_20150317_000914	{memo X}{@st41}Skill{/}
UI_20150317_000915	{memo X}{@st59}Wgraj XML{/}
UI_20150317_000916	{memo X}{@st41}Załaduj{/}
UI_20150317_000917	{memo X}{@st59}Zapisz jako XML{/}
UI_20150317_000918	{memo X}{@st59}Reset Open Skill map{/}
UI_20150317_000919	{memo X}{@st41}Zresetuj{/}
UI_20150317_000920	{memo X}{@st59}Zresetuj wszystkie mapy skilli{/}
UI_20150317_000921	{memo X}{@st41}Reset All{/}
UI_20150317_000922	{memo X}{S18}Usuń skrypt
UI_20150317_000923	{memo X}{S18}Argument tekstowy
UI_20150317_000924	{memo X}{s18}string 1 argument
UI_20150317_000925	{memo X}{s18}string 2 argument
UI_20150317_000926	{memo X}{s18}Max poziom skilla
UI_20150317_000927	{memo X}{@st59}Usuń pole wpisywania skryptu{/}
UI_20150317_000928	{memo X}{@st59}Usuń argument skryptu{/}
UI_20150317_000929	{memo X}{@st59}Max skill level{/}
UI_20150317_000930	{memo X}{@st59}Zapisz właściwość{/}
UI_20150317_000931	{memo X}{@st41}Zapisz właściwość{/}
UI_20150317_000932	{@st44}Lista UI{/}
UI_20150317_000933	{ds}Lista dodatków
UI_20150317_000934	{ds}Lista stałych ramek
UI_20150317_000935	{@st42}Lista UI{/}
UI_20150317_000936	{@st59}Pokaż listę UI{/}
UI_20150317_000937	{@st42}Dopasuj pozycję{/}
UI_20150317_000938	{@st59}Dopasuj pozycję{/}
UI_20150317_000939	{@st42}Edytuj właściwość{/}
UI_20150317_000940	{@st59}Edytuj właściwość{/}
UI_20150317_000941	{@st42}Zapisz{/}
UI_20150317_000942	{@st59}Zapisz{/}
UI_20150317_000943	{@st44}Edytuj właściwości UI{/}
UI_20150317_000944	{@St59}Wybór postaci{/}
UI_20150317_000945	{@St59}Wyloguj{/}
UI_20150317_000946	{@St59}Ustawienia{/}
UI_20150317_000947	{@St59}Wyjdź z gry{/}
UI_20150317_000948	{@st43}Ustawienia loży{/}
UI_20150317_000949	{@st59}Zamknij ustawienia loży{/}
UI_20150317_000950	{memo X}{@St42_b}{s18}{#f5c384}Nazwa Drużyny{/}
UI_20150317_000951	{@st59}Wpisz nazwę Drużyny {/}
UI_20150317_000952	{memo X}{@st59}Zapisz nazwę Drużyny{/}
UI_20150317_000953	Provisional Delete
UI_20150317_000954	{@St59}Zamknij okno dekoracji loży{/}
UI_20150317_000955	{@St43}Dekoracja baraku{/}
UI_20150317_000956	{@St41b}Motyw{/}
UI_20150317_000957	{@St41b}Ułożenie przedmiotów{/}
UI_20150317_000958	{@St41b}Nazwa
UI_20150317_000959	{@St41b}Cena
UI_20150317_000960	{@St41b}Stan
UI_20150317_000961	{@St44}Nowa postać{/}
UI_20150317_000962	{@St41b}{s22}Wybierz Klasę postaci{/}
UI_20150317_000963	{@St41b}Powrót{/}
UI_20150317_000964	{@St59}Wróć do loży nie tworząc postaci
UI_20150317_000965	Zmień postać
UI_20150317_000966	{@St41}Postać{/}
UI_20150317_000967	{@St59}Obróć w prawo{/}
UI_20150317_000968	{@St59}Obróć w lewo{/}
UI_20150317_000969	{@St43b}Obrót postaci{/}
UI_20150317_000970	{@st43}Imię postaci{/}
UI_20150317_000971	Wpisz imię dla {@st59} {/}
UI_20150317_000972	{@St43b}Wybierz płeć{/}
UI_20150317_000973	{@St59}Kobieta{/}
UI_20150317_000974	{@St59}Mężczyzna{/}
UI_20150317_000975	{@st43b}Wybierz fryzurę{/}
UI_20150317_000976	{@st59}Fryzura 1{/}
UI_20150317_000977	{@st59}Fryzura 2{/}
UI_20150317_000978	{@St59}Fryzura 3{/}
UI_20150317_000979	{@st59}Fryzura 4{/}
UI_20150317_000980	{@st59}Fryzura 5{/}
UI_20150317_000981	{@st59}Fryzura 6{/}
UI_20150317_000982	{@st59}Fryzura 7{/}
UI_20150317_000983	{@st59}Fryzura 8{/}
UI_20150317_000984	{@st59}Fryzura 9{/}
UI_20150317_000985	{@st59}Fryzura 10{/}
UI_20150317_000986	{@St43b}Wybierz Klasę{/}
UI_20150317_000987	{@st59}Swordsman{/}
UI_20150317_000988	{@st59}Wizard{/}
UI_20150317_000989	{@st59}Archer{/}
UI_20150317_000990	{@st59}Cleric{/}
UI_20150317_000991	{@St41b}Odwiedź barak {/}
UI_20150317_000992	{@St59}Odwiedź barak innego gracza.{/}
UI_20150317_000993	{@St41b}Wyloguj{/}
UI_20150317_000994	{@St59}Cofnij do ekranu logowania{/}
UI_20150317_000995	{@St41b}Wyjdź z gry{/}
UI_20150317_000996	{@St59}Wyjdź z Tree of Savior{/}
UI_20150317_000997	{@st41b}Wybierz kanał{/}
UI_20150317_000998	{memo X}{@st43}Wejdź{/}
UI_20150317_000999	{@St59}Rozpocznij grę wybraną postacią{/}
UI_20150317_001000	{@St43}{s26}Nazwa drużyny{/}
UI_20150317_001001	{@st59}Nazwa drużyny{/}
UI_20150317_001002	{memo X}{@st41b}Zmień nazwę drużyny{/}
UI_20150317_001003	{memo X}{@st59} Zmień nazwę swojej drużyny{/}
UI_20150317_001004	{@St41}Companion{/}
UI_20150317_001005	Przesuń czat
UI_20150317_001006	{@St44}New Dialog Name{/}
UI_20150317_001007	{@St42}Change{/}
UI_20150317_001008	{@St44}New Window Name{/}
UI_20150317_001009	{@St43}{s40}{gr gradation4}Tworzenie postaci{/}
UI_20150317_001010	{@St59}Stwórz postać{/}
UI_20150317_001011	{@St59}Anuluj tworzenie postaci{/}
UI_20150317_001012	{@St59}Zamknij{/}
UI_20150317_001013	{@St59}Stwórz nazwę drużyny{/}
UI_20150317_001014	{@St43}{s30}{#f0dcaa}Wpisz nazwę dla swojej drużyny!
UI_20150317_001015	{memo X}{@St41b}Nazwa drużyny będzie reprezentować wszystkie twoje postaci.{nl}Jest to tak jakby nazwisko wspólne dla każdej twojej postaci oraz twój identyfikator gracza.{nl}               Jest możliwość późniejszej zmiany nazwy drużyny.{/}
UI_20150317_001016	Ładowanie tła
UI_20150317_001017	Podpowiedź
UI_20150317_001018	Porady do gry
UI_20150317_001019	Login
UI_20150317_001020	ID konta
UI_20150317_001021	{@st59}Wpisz ID swojego konta{/}
UI_20150317_001022	Hasło
UI_20150317_001023	{@St59}Wpisz swoje hasło{/}
UI_20150317_001024	{@St43}Zaloguj{/}
UI_20150317_001025	{@St59}Połącz z wybranym serwerem{/}
UI_20150317_001026	{@st41b}Powrótka{/}
UI_20150317_001027	{@st41b}Tryb Single{/}
UI_20150317_001028	{@St41b}Wyjdź z gry{/}
UI_20150317_001029	Zapisz
UI_20150317_001030	{@St59}Jeśli zaznaczone, twoje konto zostanie zapamiętane{/}
UI_20150317_001031	Serwery
UI_20150317_001032	{@St59}Wybierz serwer{/}
UI_20150317_001033	Login Title
UI_20150317_001034	[Zamknięta wersja beta (PL)]
UI_20150317_001035	Opcje
UI_20150317_001036	Zasięg wzroku
UI_20150317_001037	{S20}{#BBBBBB}Zasięg wzroku
UI_20150317_001038	Zasięg wzroku :
UI_20150317_001039	Postać :
UI_20150317_001040	Obiekty tła :
UI_20150317_001041	Topografia - trawa (%) :
UI_20150317_001042	Topografia - drzewa (%) :
UI_20150317_001043	Topografia - obiekty (%) :
UI_20150317_001044	Cień
UI_20150317_001045	{S20}{#BBBBBB}Mapy cieni
UI_20150317_001046	Mapy cieni włączone
UI_20150317_001047	Jakość cieni :
UI_20150317_001048	Włącz SSAO
UI_20150317_001049	Metoda SSAO :
UI_20150317_001050	Rozdzielczość SSAO :
UI_20150317_001051	Odbicia w wodzie
UI_20150317_001052	{s20}{#BBBBBB}Odbicia w wodzie
UI_20150317_001053	Odbicia postaci w wodzie
UI_20150317_001054	Odbicia tła w wodzie
UI_20150317_001055	{s20}{#BBBBBB}Ustawienia Glow
UI_20150317_001056	Włącz Glow
UI_20150317_001057	{@st41}Atak{/}
UI_20150317_001058	{@St41}Obrona{/}
UI_20150317_001059	{@st41}Wsparcie{/}
UI_20150317_001060	{@st41}Poziom trudności{/}
UI_20150317_001061	{@st41}Fryzura
UI_20150317_001062	{@st41}Obróć
UI_20150317_001063	{@st43}Stwórz postać
UI_20150317_001064	{@st59}Stwórz taką postać{/}
UI_20150317_001065	{@st41b}Anuluj
UI_20150317_001066	{@st59}Anuluj wybór postaci{/}
UI_20150317_001067	Informacje o postaci
UI_20150317_001068	{@st41}Zabierz ze sobą
UI_20150317_001069	{@st59}Po kliknięciu tego, wybierz postać, która będzie za tobą chodziła{/}
UI_20150317_001070	UI of Item Creation
UI_20150317_001071	{s24} Imię :
UI_20150317_001072	{s16} STR :
UI_20150317_001073	{s16} HP :
UI_20150317_001074	{s16} AGI :
UI_20150317_001075	{s16} VIT :
UI_20150317_001076	{s16} Siła :
UI_20150317_001077	{s18} Wybór Klasy
UI_20150317_001078	{s18} Dobry Związek
UI_20150317_001079	{s18} Zły Związek
UI_20150317_001080	Hong Moo Moon
UI_20150317_001081	Dae Do Cheon
UI_20150317_001082	Fire Swords
UI_20150317_001083	For adenomas hwageuk
UI_20150317_001084	Puncture sex
UI_20150317_001085	Yeonhwagyo
UI_20150317_001086	{S16}Płeć i wygląd
UI_20150317_001087	Mężczyzna
UI_20150317_001088	Kobieta
UI_20150317_001089	Dopasowanie fryzury
UI_20150317_001090	Dopasowanie klawiszy
UI_20150317_001091	Szerokość ramion
UI_20150317_001092	Wielkość dłoni i stopy
UI_20150317_001093	Wielkość klatki piersiowej
UI_20150317_001094	Szerokość w pasie
UI_20150317_001095	Szerokość w udach
UI_20150317_001096	{S18} Wielkość głowy
UI_20150317_001097	{S14} Dopasowanie wysokości
UI_20150317_001098	{S14} Szerokość ramion
UI_20150317_001099	{S14} Wielkość dłoni i stopy
UI_20150317_001100	{S14} Wielkość klatki piersiowej
UI_20150317_001101	{S14} Szerokość w pasie
UI_20150317_001102	{S14} Szerokość w miednicy
UI_20150317_001103	Użyj szablonu
UI_20150317_001104	Losuj
UI_20150317_001105	Stwórz nową postać
UI_20150317_001106	Anuluj tworzenie postaci
UI_20150317_001107	{@St43}{s40}{gr gradation4}Rozpocznij grę{/}
UI_20150317_001108	{@St43}{s40}{gr gradation4}Zakończ podgląd{/}
UI_20150317_001109	{@St43}{s40}{gr gradation4}Wróć do strefy{/}
UI_20150317_001110	{@St59}Wróć do strefy.{/}
UI_20150317_001111	{@St41b}Powrót{/}
UI_20150317_001112	{@St59}Wróć do mojej loży.{/}
UI_20150317_001113	{@St43}{s24}LodgeName{/}
UI_20150317_001114	{@St59}Nazwa loży{/}
UI_20150317_001115	{@st41b}Udekoruj{/}
UI_20150317_001116	{@St59}Udekoruj lożę{/}
UI_20150317_001117	{@St41b}Ustawienia{/}
UI_20150317_001118	{@St59}Opcje Baraku{/}
UI_20150317_001119	Ramka własnego przedmiotu
UI_20150317_001120	Zielony
UI_20150317_001121	Gęstość
UI_20150317_001122	Lubię HP
UI_20150317_001123	{@st59}Akcesoria do włosów{/}
UI_20150317_001124	{@st59}Podrzędne akcesoria{/}
UI_20150317_001125	{@St42}Tekst{/}
UI_20150317_001126	Nazwa podstawowej zawartości
UI_20150317_001127	Nazwa podstawowej grupy
UI_20150317_001128	Nazwa podstawowego przedmiotu
UI_20150317_001129	Mr Kim
UI_20150317_001130	Waga : %s
UI_20150317_001131	brak
UI_20150317_001132	%S race
UI_20150317_001133	brak
UI_20150317_001134	Niewymienialny
UI_20150317_001135	Nieulepszalny
UI_20150317_001136	brak
UI_20150317_001137	Nazwa przedmiotu
UI_20150317_001138	brak
UI_20150317_001139	Lv i powyżej
UI_20150317_001140	Każdy może założyć
UI_20150317_001141	{memo X}Max slotów : ×%s
UI_20150317_001142	Nazwa przedmiotu
UI_20150317_001143	Wartość w sklepie : %s silver
UI_20150317_001144	Ile
UI_20150317_001145	{@St42b}Full Exploration Rate of Siauliai{/}
UI_20150317_001146	{@St42b}West Forest Area Explored{/}
UI_20150317_001147	{@St18}Przedmiot{/}
UI_20150317_001148	{@St18}Mój ranking{/}
UI_20150317_001149	Diamond
UI_20150317_001150	Stamina +9.000
UI_20150317_001151	{@St18}Średnia{/}
UI_20150317_001152	{@St42b}{s18}Workmanship{/}
UI_20150317_001153	{@St55_c}Nazwa przedmiotu
UI_20150317_001154	{@St55_c}Dziennik notatek
UI_20150317_001155	{@St59}Wpisz notatkę. Jeśli nie podasz nazwy, zostanie użyta nazwa domyślna.{/}
UI_20150317_001156	{@St59}Wpisz notatkę{/}
UI_20150317_001157	{@St43}Produkuj przedmioty
UI_20150317_001158	{memo X}{@st42b}%s punktów {/}
UI_20150317_001159	{memo X}{@st42b}%s pies {/}
UI_20150317_001160	{memo X}{@st42b}%s punktów {/}
UI_20150317_001161	{memo X}{@st42b}%s pies {/}
UI_20150317_001162	{S16}{ol}za cenę
UI_20150317_001163	Suma : 1
UI_20150317_001164	{memo X}{@St41}Pomoc
UI_20150317_001165	{memo X}{@St41}Opis zdjęcia
UI_20150317_001166	{@St41}Rejestracja
UI_20150317_001167	{@St41}Imię
UI_20150317_001168	{@St41}Wiadomość
UI_20150317_001169	{@St43}Imię{/}
UI_20150317_001170	{@St41b}Wiadomości{/}
UI_20150317_001171	{@St42b}Login{/}
UI_20150317_001172	{@St41}Stwórz nową konwersację
UI_20150317_001173	{@St41}Pełna konwersacja
UI_20150317_001174	Nazwa regionu
UI_20150317_001175	{@St41}Nazwy Skilli
UI_20150317_001176	{@St41}Punkty Atrybutów
UI_20150317_001177	{@St41}Nazwa Klasy
UI_20150317_001178	Imię postaci
UI_20150317_001179	{@Sti7}Usuń{/}
UI_20150317_001180	Level postaci
UI_20150317_001181	{@St42}Współdzielenie Questów{/}
UI_20150317_001182	{@St42}Współdzielenie EXPa{/}
UI_20150317_001183	Notka postaci
UI_20150317_001184	{memo X}Średni Level : {#FFFF00}%s{/}
UI_20150317_001185	{memo X}Wyszukiwanie : {#FFFF00}%s{/}
UI_20150317_001186	{memo X}Cleric / Archer
UI_20150317_001187	{memo X}Współdzielenie Questów : {#FFFF00}%s{/}
UI_20150317_001188	{memo X}brak
UI_20150317_001189	{memo X}Priorytet EXPa : {#FFFF00}%s{/}
UI_20150317_001190	{memo X}Po równo
UI_20150317_001191	{memo X}Priorytet Przedmiotów : {#FFFF00}%s{/}
UI_20150317_001192	{memo X}Losowo
UI_20150317_001193	Jak zrobić
UI_20150317_001194	Nie widzisz kto to jest
UI_20150317_001195	{@st41b}Zaktualizowano Dziennik Przygody
UI_20150317_001196	Menu Objects for Quest
UI_20150317_001197	Kategorie Questów
UI_20150317_001198	List Objects of Quest
UI_20150317_001199	brak
UI_20150317_001200	Linia używana ma mapie dróg
UI_20150317_001201	Slot Object_Standard
UI_20150317_001202	Slot Object_Cash Slot
UI_20150317_001203	Character Details Type 1
UI_20150317_001204	Character Details Type 2
UI_20150317_001205	Inventory List Type 1
UI_20150317_001206	Inventory List Type 2
UI_20150317_001207	Inventory Slot Type
UI_20150317_001208	Zobacz szczegóły przedmiotu na Rynku
UI_20150317_001209	Output of Item Name
UI_20150317_001210	Output of the number of remaining
UI_20150317_001211	Output of Value
UI_20150317_001212	When you add it to cart
UI_20150317_001213	Output of total value
UI_20150317_001214	For item output
UI_20150317_001215	Output of unit price
UI_20150317_001216	Kategoria przedmiotu
UI_20150317_001217	Aktualności
UI_20150317_001218	{@St42b}Zrestartuj{/}
UI_20150317_001219	Peltang Stang
UI_20150317_001220	99 Circle
UI_20150317_001221	Defeat 8 Mad Vubbe
UI_20150317_001222	Podpowiedź
UI_20150317_001223	EXP: sad{br}+1 Enchantment Crystal (Attack)
UI_20150317_001224	Apprentice Sword
UI_20150317_001225	Napraw trwałość :
UI_20150317_001226	Koszt naprawy : 120 silver
UI_20150317_001227	Koszt naprawy : %s silver
UI_20150317_001228	{@st42b}Liczba ofert {@sti7}%s{/}
UI_20150317_001229	{@st42b}Aktualna cena {img icon_item_silver 20 20}{@st57}%s{/}
UI_20150317_001230	{@St41}Kup natychmiast! {Img icon_item_silver 20 20}{@st57}%s{/}
UI_20150317_001231	{@St41b}Pobierz przedmioty{/}
UI_20150317_001232	{@st42b} Cena licytacji {img icon_item_silver 20 20}{@st57}%s{/}
UI_20150317_001233	{@Sti7}Wróć
UI_20150317_001234	{@St59}Głowa{/}
UI_20150317_001235	{@St59}Lewa Bransoleta{/}
UI_20150317_001236	{@St59}Prawa Bransoleta{/}
UI_20150317_001237	{@St59}Kostiumy{/}
UI_20150317_001238	{@st59}Pierścień 2{/}
UI_20150317_001239	Nazwa zwierzaczka
UI_20150317_001240	Chandler bundle
UI_20150317_001241	West forest etc...
UI_20150317_001242	{memo X}Zużyj iCoins
UI_20150317_001243	Nazwa kategorii
UI_20150317_001244	To jest Pomoc
UI_20150317_001245	{@Sti7}%s punktów{/}
UI_20150317_001246	{@st41b}%s wynik
UI_20150317_001247	Clear Quest 25
UI_20150317_001248	[Sub]Thron Forest
UI_20150317_001249	{@St42}Założony przedmiot
UI_20150317_001250	{@St44}Informacje o Randze %s Klasy{/}
UI_20150317_001251	Alarm rozwoju
UI_20150317_001252	Like Heart
UI_20150317_001253	brak
UI_20150317_001254	Level %s
UI_20150317_001255	{memo X}Notatka : {#666666}%s
UI_20150317_001256	Ayase
UI_20150317_001257	Związek z %s
UI_20150317_001258	{#FFFF33}%s{/} chce zostać przyjaciółmi{/}
UI_20150317_001259	{@St41b}Zaakceptuj
UI_20150317_001260	{memo X}{@St41b}Odmów
UI_20150317_001261	{@St53b}Ładowanie twojej listy znajomych.
UI_20150317_001262	Level %s{/}
UI_20150317_001263	{@st41} Anuluj
UI_20150317_001264	Dodaj buff do sprzedaży.
UI_20150317_001265	Cena : %s{/}
UI_20150317_001266	Pozostała ilość
UI_20150317_001267	{@St41}Zakup
UI_20150317_001268	Pozostała ilość : %s {/}
UI_20150317_001269	{@St41}Przedmiot{/}
UI_20150317_001270	{@St41b} Notatka
UI_20150317_001271	{@St41b}Stwórz
UI_20150317_001272	{memo X}{@St41b}Cena : %s{/}
UI_20150317_001273	{@Sti5}Cena : %s{/}
UI_20150317_001274	{@Sti9} Quest Drużynowy (%s){/}
UI_20150317_001275	{@st41_yellow} Stopień odkrycia %s% {/}
UI_20150317_001276	{@st41_yellow} Wynik %s {/}
UI_20150317_001277	{@st42b}{b}Skala osiągnięć{/}
UI_20150317_001278	{@st59}Dołącz do Questu drużynowego{/}
UI_20150317_001279	Okna
UI_20150317_001280	Status
UI_20150317_001281	Zakładka
UI_20150317_001282	Image Item
UI_20150317_001283	Efekt
UI_20150317_001284	Control Set
UI_20150317_001285	{@St41}Poziom trudności : %s
UI_20150317_001286	{@St42}Pozostały czas : %s
UI_20150317_001287	{@St53}Tworzenie przedmiotów
UI_20150323_001288	{@st59}Przeciągnij tu swój przedmiot{/}
UI_20150323_001289	{@st42}Anuluj
UI_20150323_001290	{@st42}Potwierdź
UI_20150323_001291	{@st43}Brykietowanie{/}
UI_20150323_001292	Aktualny potencjał
UI_20150323_001293	Zużyty materiał
UI_20150323_001294	Zużuta ilość
UI_20150323_001295	Dostępna ilość
UI_20150323_001296	{memo X}{@sti6}Zapiski transakcji
UI_20150323_001297	{memo X}{@st43}Obozowisko
UI_20150323_001298	Tytuł tabliczki
UI_20150323_001299	{memo X}{@st43}Zbuduj
UI_20150323_001300	{memo X}{@stc1}Czas trwania ogniska
UI_20150323_001301	{@stc1}Efekt
UI_20150323_001302	{@stc1}Materiały i cena
UI_20150323_001303	{memo X}{@st41b}Obozowisko
UI_20150323_001304	{memo X}{@st41b}Pieniek
UI_20150323_001305	{@st41b}Odnów
UI_20150323_001306	{@st59}Odnawia czas trwania.{/}
UI_20150323_001307	{memo X}{@st41b}Czas trwania obozowiska
UI_20150323_001308	{@st41b}Efekt
UI_20150323_001309	{memo X}{@st42b}Po odnowieniu, obozowisko przetrwa kolejne 24 godziny. Pochłonie to %s silver.
UI_20150323_001310	{memo X}{@st41b}Schowek osobisty
UI_20150323_001311	{memo X}{@stc1}Przechowywanie i odzyskiwanie przedmiotów ze schowka kosztuje %s silver.{/}
UI_20150323_001312	{memo X}{@st41}{#ffff00}Zalokuj na celu{/}
UI_20150323_001313	{@st43}Tabela napojów
UI_20150323_001314	{memo X}{@st41b}Rodzaj jedzenia
UI_20150323_001315	{memo X}{@st41b}Tabela
UI_20150323_001316	{@st59}Zamknij{/}
UI_20150323_001317	{@st43}Grimoire{/}
UI_20150323_001318	{@st59}Zamknij okno Grimoire{/}
UI_20150323_001319	{memo X}Mój Skill przywołania
UI_20150323_001320	Główna karta
UI_20150323_001321	Druga karta
UI_20150323_001322	{memo X}Stat
UI_20150323_001323	{memo X}CON
UI_20150323_001324	{memo X}INT
UI_20150323_001325	{memo X}DEX
UI_20150323_001326	{memo X}CRT
UI_20150323_001327	{memo X}{@st43}Rozstaw sklep{/}
UI_20150323_001328	{@st41b}Rozstaw
UI_20150323_001329	Cena za sztukę
UI_20150323_001330	{@st41b}Lista materiałów
UI_20150323_001331	{memo X}{@st43}Gem Roasting{/}
UI_20150323_001332	{@st59}Zamknij UI{/}
UI_20150323_001333	{@st41b}Napraw{/}
UI_20150323_001334	{memo X}{@st41b}Log{/}
UI_20150323_001335	{memo X}Cena otrzymania
UI_20150323_001336	{@st59}Umieść gem{/}
UI_20150323_001337	Zużyty materiał
UI_20150323_001338	Pozostała ilość
UI_20150323_001339	{@st42}Zamknij
UI_20150323_001340	{@st43}Przegląd broni{/}
UI_20150323_001341	{@st43}Przegląd ekwipunku{/}
UI_20150323_001342	{memo X}{@st41b}Cena otrzymania
UI_20150323_001343	{@st41b}Materiały
UI_20150323_001344	{@st43}Napraw{/}
UI_20150323_001345	{@st41b}Napraw{/}
UI_20150323_001346	Level Skilla
UI_20150323_001347	{@st41}Liczba graczy do wejścia
UI_20150323_001348	{@st43}Dungeon ulepszenia przedmiotu
UI_20150323_001349	{@st41}Materials Required
UI_20150323_001350	{@st59}Materials Required{/}
UI_20150323_001351	Zalecany Level : %s
UI_20150323_001352	{memo X}{@st43}Tryb wyboru UI{/}
UI_20150323_001353	{@st43}Sklepik
UI_20150323_001354	Nazwa sklepu
UI_20150323_001355	{@st41b}Otwórz sklepik
UI_20150323_001356	{@st59}Rozstaw sklepik{/}
UI_20150323_001357	{@st59}Anuluj{/}
UI_20150323_001358	{@st59}Zwiń sklepik{/}
UI_20150323_001359	Request Buy-in
UI_20150323_001360	{memo X}{@st59}Zwiń sklepik
UI_20150323_001361	{memo X}{@st59}Sklepik{nl} - Wymień swoje przedmioty za silver
UI_20150323_001362	{memo X}{@st43}Przedmioty, które chce kupujący{/}
UI_20150323_001363	{memo X}{@st43}Przedmioty na sprzedaż
UI_20150323_001364	{memo X}{@st43}Suma zysków
UI_20150323_001365	{memo X}{@st41}Sprzedaj
UI_20150323_001366	{@st41}Materiały alchemiczne
UI_20150323_001367	{@st41}Wynik alchemii {@stx1}(%s wymagane){/}
UI_20150323_001368	{@st59}Wezwij zwierzątko{/}
UI_20150323_001369	{@st41b}Postać{/}
UI_20150323_001370	{@st59}Grimoire{/}
UI_20150323_001371	{memo X}{@st41b}Włącz efekt Bloom{/}
UI_20150323_001372	{memo X}{@st41b}Włącz winiety{/}
UI_20150323_001373	{memo X}{@st41b}Włącz FXAA{/}
UI_20150323_001374	{memo X}{@st41b}Włącz efekt Glow{/}
UI_20150323_001375	{memo X}{@st41b}Włącz głębię {/}
UI_20150323_001376	{memo X}{@st41b}Włącz Soft Particle{/}
UI_20150323_001377	{@st43}Schowek Osobisty{/}
UI_20150323_001378	{memo X}{@st59}Zamknij Schowek Osobisty{/}
UI_20150323_001379	{memo X}{@sti6}Chowanie i wyjmowanie przedmiotów ze schowka kosztuje %s silver...{/}
UI_20150323_001380	{memo X}{@st59}Alt+Z aby zmienić broń{/}
UI_20150323_001381	{@st59}Zapisz ustawienia loży{/}
UI_20150323_001382	Zmień lożę
UI_20150323_001383	{@st59}Zamknij okno zmiany loży
UI_20150323_001384	{memo X}{@st59}Zmiana loży{nl} - Zmieniając rodzaj loży zwiększysz liczbę postaci możliwych do utworzenia. 
UI_20150323_001385	{memo X}{@st41}Anuluj podgląd
UI_20150323_001386	{memo X}{@st46}Moje iCoins : %s{/}
UI_20150323_001387	{memo X}{@st41b}Zmień lożę{/}
UI_20150323_001388	{@st59}Udekoruj lożę{/}
UI_20150323_001389	{memo X}{@st41b}Ustawienia loży{/}
UI_20150323_001390	{@st59}Zmień ustawienia loży{/}
UI_20150323_001391	{memo X}{@st45ty}Powitanie postaci{/}
UI_20150323_001392	{memo X}{@st45ty}Sklepik
UI_20150323_001393	{@st41b}Zmień
UI_20150323_001394	{@st59}Zamień powitanie postaci{/}
UI_20150323_001395	{@st59}Rozstaw sklepik{/}
UI_20150323_001396	Kupowana ilość : %s{/}
UI_20150323_001397	Szukaj przedmiotów do kupienia
UI_20150323_001398	Ilość
UI_20150323_001399	Cena za szt
UI_20150323_001400	{memo X}{@sti5}×%s{/}
UI_20150323_001401	{@st41}Zjedz
UI_20150323_001402	{@st41}Produkuj
UI_20150323_001403	{memo X}{@st41}Ilość
UI_20150323_001404	{memo X}{@st41}Zużyty materiał
UI_20150401_001405	{@st59}Zamknij brykietowanie{/}
UI_20150401_001406	{memo X}{@st41}Usuń obozowisko
UI_20150401_001407	{@st43}[Krąg %s]{/}
UI_20150401_001408	{@st43}Skill{/}
UI_20150401_001409	{@st43}Podpowiedź Klasy{/}
UI_20150401_001410	Podpowiedź Klasy
UI_20150401_001411	{memo X}{@st42}{#ffff00}Zalokuj cel {/}
UI_20150401_001412	{memo X}{@st41}Usuń tabelę
UI_20150401_001413	{@st43}Tincturing{/}
UI_20150401_001414	Szybki slot pada
UI_20150401_001415	{memo X}{@st42}{#ffff00}Tryb klawiatury{/}
UI_20150401_001416	{@st43}Otwórz pudełko z ofiarą
UI_20150401_001417	{@st41b}Otwórz
UI_20150401_001418	{@st41b}Pudełko z ofiarą
UI_20150401_001419	{@st41}Nazwa pudełka z ofiarą
UI_20150401_001420	Płatność
UI_20150401_001421	Prognozowany zysk
UI_20150401_001422	Środki
UI_20150401_001423	{memo X}{@st45tw}Szczegóły pudełka z ofiarą
UI_20150401_001424	{@st41}Sprzedaj wszystko
UI_20150401_001425	{@st43}Pudełko z ofiarą
UI_20150401_001426	Ofiara
UI_20150401_001427	Dokonaj transakcji
UI_20150401_001428	Prognozowany bilans
UI_20150401_001429	{@st45tw}Pudełko z ofiarą
UI_20150401_001430	{memo X}{@st41}Puste
UI_20150401_001431	{@st43}Lista graczy w danej strefie{/}
UI_20150401_001432	{@st59}Zamknij listę UI GMa{/}
UI_20150401_001433	{memo X}{@st41}Opis drużyny :
UI_20150401_001434	{s20}Ilość trucizny {s28}{b}{#ff6600}%s
UI_20150401_001435	Materiały na truciznę
UI_20150401_001436	{@st41b}Zaznacz wszystko{/}
UI_20150401_001437	{@st59}Odznacz wszystko klikając ponownie{/}
UI_20150401_001438	{@st41b}Utwórz{/}
UI_20150401_001439	{memo X}{@st59}*mieszu mieszu obrotu i mieszu*{/}
UI_20150401_001440	{@st41b}Osiągnięcia{/}
UI_20150401_001441	Kolor włosów
UI_20150401_001442	Dostępne tytuły
UI_20150401_001443	{memo X}{@st41b}Tryb UI pada{/}
UI_20150401_001444	{memo X}{@st41}{#ffffcc}Nazwa
UI_20150401_001445	{memo X}{@st41}{#ffffcc}Cena
UI_20150401_001446	{memo X}{@st41}{#ffffcc}Status
UI_20150401_001447	{memo X}{@st41b}Anuluj podgląd
UI_20150401_001448	{memo X}{@st41}{#ffff00}Moje iCoiny : %s{/}
UI_20150401_001449	Założony
UI_20150401_001450	{memo X}Opis : {#FFFF00}%s{/}
UI_20150401_001451	{memo X}Średni Level : {#FFFF00}%s{/}
UI_20150401_001452	{memo X}Warunki
UI_20150401_001453	Tytuł %s
UI_20150401_001454	Nagroda %s
UI_20150401_001455	{memo X}{@st42}Ilość
UI_20150406_001456	{@st43}Obozowisko
UI_20150406_001457	{@st42}Zbuduj
UI_20150406_001458	{@st42}Anuluj
UI_20150406_001459	{memo X}{@stc1}Czas trwania obozu
UI_20150406_001460	{@st41b}Obozowisko
UI_20150406_001461	{memo X}{@st41b}Czas trwania obozu
UI_20150406_001462	{memo X}{@st42b}Po odnowieniu, obozowisko przetrwa dodatkowe 24 godziny. {nl}Zużywa to %s silver.
UI_20150406_001463	{memo X}{@st41}Usuń obóz
UI_20150406_001464	{memo X}{@st42}Usuń tabelę
UI_20150406_001465	{@st59b}Grimoire{nl}{@st59s} - Połóż kartę na talii aby rozpocząć przywoływanie{/}
UI_20150406_001466	{memo X}{@st41}Mój skill przywołania
UI_20150406_001467	{memo X}{@st41}Stat
UI_20150406_001468	{@st41b}Nazwa pudełka z ofiarą
UI_20150406_001469	{@st41b}Szczegóły pudełka z ofiarą
UI_20150406_001470	{@st59}Zamknij sklepik
UI_20150406_001471	{@st59b}Sklepik{nl}{@st59s} - Wymieniaj przedmioty za silver
UI_20150406_001472	{@st41b}Inny gracz prosi o przedmiot{/}
UI_20150406_001473	{@st41b}Dostępne przedmioty{/}
UI_20150406_001474	{@st41b}Suma sprzedaży
UI_20150406_001475	{@st41b}Sprzedaj
UI_20150406_001476	{@st59}Sprzedaj dodane przedmioty.{/}
UI_20150406_001477	{@st59}Zamknij schowek osobisty{/}
UI_20150406_001478	{memo X}{@st41b} %s silver jest zużywane podczas wkładania i wyjmowania przedmiotów ze schowka.{/}
UI_20150406_001479	{@st41b}Ilość
UI_20150414_001480	{memo X}{@st42b}Możesz wydłużyć czas trwania swojego obozowiska.{nl} Koszt: %s silver.
UI_20150414_001481	{memo X}{@st41b}Typ {@sti7}%s{/}
UI_20150414_001482	{memo X}{@st41b}Control Difficulty {@sti7}%s{/}
UI_20150414_001483	{@st59b} Przedmiot {/}
UI_20150414_001484	{@st59b} Potwór {/}
UI_20150414_001485	{@st59b} Move Map {/}
UI_20150414_001486	{@st59b} Battle Command {/}
UI_20150414_001487	{s26}{b}
UI_20150414_001488	{s26}{b}Level
UI_20150414_001489	{@st44}{s26}Level
UI_20150414_001490	{@st59b}{s26}szt
UI_20150414_001491	{@st41b}Gotowanie
UI_20150414_001492	{@st41b}Jedzenie
UI_20150414_001493	{memo X}{@st42}Usuń tabelę napojów
UI_20150414_001494	{@st41b}Wpisy{/}
UI_20150414_001495	{memo X}{@st41}Opis drużyny
UI_20150414_001496	{memo X}{@st41b}Wpisz{/}
UI_20150414_001497	Level pieczenia %s
UI_20150428_001498	{@st43}Sklepik{/}
UI_20150428_001499	{@st41b}Zamknij
UI_20150428_001500	{@st41b}Zgłoś błąd
UI_20150428_001501	{@st59}Powiadom nas o błędach i problemach w grze{/}
UI_20150428_001502	When you report a bug, your gameplay up to that point will be sent to our server.{nl}The replay file will be of much help in resolving the bug. Do you want to send it?
UI_20150428_001503	{@st41b}Opis błędu :{/}
UI_20150428_001504	{@st41b}Podanie opisu nie jest konieczne, jednak pomoże nam w analizie błędu.
UI_20150428_001505	{@st41b}Wyślij
UI_20150428_001506	{@st42}{s14}{#ffff00}Lokowanie na celu{/}
UI_20150428_001507	{@st59}Zalokuj się na celu niezależnie od kierunku czy odległości
UI_20150428_001508	Znaleziono drużynę!
UI_20150428_001509	Quickslot spoczynku pada
UI_20150428_001510	{@st41b}Tryb spoczynku
UI_20150428_001511	Samouczek pada
UI_20150428_001512	{memo X}{@st59}Zamknij samouczek pada (M){/}
UI_20150428_001513	Samouczek klawiatury
UI_20150428_001514	{@st44}Wyloguj{/}
UI_20150428_001515	{memo X}{@st41b}Pozostaw pomocnika (wymagane %s iCoin){/}
UI_20150428_001516	{memo X}Koszt dodania slota : {#ff9933}%s{/}{nl}Koszt wyjęcia gema : {#ff9933}%s{/}
UI_20150428_001517	{memo X}{@st41b}Wyjmij gem
UI_20150428_001518	{@st42}{s14}{#ffff00}Tryb UI{/}
UI_20150428_001519	{@st59}Użyj klawiatury lub pada do sterowania UI
UI_20150428_001520	{memo X}Użyj wyszukiwania drużyny 
UI_20150428_001521	{memo X}Kiedy gracz spełniający wymagania zostanie znaleziony, na ekranie pojawi się {nl}[Party match found!].
UI_20150428_001522	{memo X}{@st41}Styl gry{/}
UI_20150428_001523	Questy
UI_20150428_001524	Polowanie
UI_20150428_001525	Eventy
UI_20150428_001526	{memo X}{@st41}Różnica Leveli{/}
UI_20150428_001527	{memo X}Niezwiązane
UI_20150428_001528	{memo X}{@st41}Pożądany typ Klasy{/}
UI_20150428_001529	{@st41b}Opuść drużynę
UI_20150428_001530	{memo X}{@st59}Szukaj w opisach drużyn{/}
UI_20150428_001531	{s18}{ol}{gr gradation1}Zasady pomocnika{/}
UI_20150428_001532	{@st59}Kontynuuj tworzenie{/}
UI_20150428_001533	{memo X}{@st45ty}Kolor włosów
UI_20150428_001534	{memo X}{@st45ty}Dostępny tytuł
UI_20150428_001535	{@st41_yellow}Skill pomocniczny
UI_20150428_001536	{memo X}{@st41b}Pokazuj imiona innych postaci{/}
UI_20150428_001537	{@st43}Tryb UI{/}
UI_20150428_001538	{memo X}{@st41b}Automatycznie{/}
UI_20150428_001539	{memo X}{@st41b}Pad{/}
UI_20150428_001540	{memo X}{@st41b}Klawiatura{/}
UI_20150428_001541	{memo X}Pad
UI_20150428_001542	{@st59}Informacje o padzie{/}
UI_20150428_001543	{memo X}Klawiatura
UI_20150428_001544	{@st59}Informacje o klawiaturze{/}
UI_20150428_001545	{@st43}Opcje grafiki{/}
UI_20150428_001546	{@st43}Wydajność{/}
UI_20150428_001547	{memo X}{@st41b}Najniższe wymagania{/}
UI_20150428_001548	{memo X}{@st41b}Auto dopasowanie{/}
UI_20150428_001549	{memo X}{@st41b}Nie zmieniaj{/}
UI_20150428_001550	FAQ o grze
UI_20150428_001551	Gracze : (%s/%s)
UI_20150428_001552	Co najmniej Lv. 100 : (%s/%s)
UI_20150511_001553	{memo X}{@st41}Podlinkuj zaproszenie do drużyny
UI_20150714_001554	{@st66b}Sprzedane przedmioty : ×%s / Niesprzedane przedmioty : ×%s{/}
UI_20150714_001555	{@st41b}Dziennik wymiany
UI_20150714_001556	{@st41b}Usuń obozowisko
UI_20150714_001557	Bitwa karciana
UI_20150714_001558	{@st64}%s wygrana {/}
UI_20150714_001559	Wybierz kartę
UI_20150714_001560	Indeks przygody:{#ffff00} %s{/} ({#ffff00}ranked #%s{/})
UI_20150714_001561	{@st66b}Lubię!
UI_20150714_001562	{memo X}Lubię tę postać {#ffff00}%s{/}
UI_20150714_001563	{@st41b}Usuń tabelę napojów
UI_20150714_001564	{memo X}{@st42}Mój Skill przywołania
UI_20150714_001565	{@st42}Stat
UI_20150714_001566	{memo X}{@st42}Obecna lokacja : %s{/}
UI_20150714_001567	{@st59b}Ekwipunek {nl}{@st59s} - Fryzura/Kostium: Zmienia wygląd postaci. {nl} - BrońWeapon: One-handed or two-handed weapons {nl} (sub-weapon/shield can be equipped with one-handed weapon) {nl} - Armor: Top, Pants, Gloves, Shoes. {nl} - Accessories: 1 Necklace and 2 Bracelets. {nl} {/}
UI_20150714_001568	{@st43}Otworz sklep %s {/}
UI_20150714_001569	{@st41b}Pieczenie{/}
UI_20150714_001570	{@st66}Zaznacz wszystkie
UI_20150714_001571	{@st43}Stwórz strzałę{/}
UI_20150714_001572	{@st59}Zamknij UI{/}
UI_20150714_001573	{@st66b}Sprawdź{/}
UI_20150714_001574	{@st66b}Zostaw pomocnika (wymagane %s iCoin){/}
UI_20150714_001575	Cena dodatkowego slota : {#000000}%s{/} {nl}Cena wyjęcia gema : {#000000}%s{/}
UI_20150714_001576	{ds}Zalecany Level : %s
UI_20150714_001577	Odkryto : 50.0%
UI_20150714_001578	{@st45tw}[%s% odkryte]{/}
UI_20150714_001579	>>Pokaż więcej informacji...
UI_20150714_001580	%s (Ranga %s)
UI_20150714_001581	Nazwa Joba
UI_20150714_001582	{@st41b}Zaproś
UI_20150714_001583	{@st41}Jeśli chcesz używać pada lub myszki do sterowania postacią, możesz wybrać odpowiednią opcję w ustawieniach gry w menu systemowym.{nl}
UI_20150714_001584	{memo X}Kiedy spotkasz postać spełniającą wymagania drużyny, {nl}pojawi się napis [Party match found!].{nl}Ciebie też polecimy innym drużynom.
UI_20150714_001585	{memo X}{@st42}Styl gry{/}
UI_20150714_001586	{@st42}Różnica Leveli{/}
UI_20150714_001587	Jakakolwiek
UI_20150714_001588	{memo X}{@st42}Rodzaj Klasy{/}
UI_20150714_001589	{memo X}{@st42}Nazwa drużyny : %s{/}
UI_20150714_001590	{memo X}{@st42}Opis{/}
UI_20150714_001591	{memo X}{@st42}Wpisz{/}
UI_20150714_001592	{@st42}Priorytet Przedmiotów
UI_20150714_001593	{@st42}Priorytet EXPa
UI_20150714_001594	Indywidualnie
UI_20150714_001595	Po równo
UI_20150714_001596	Po Levelu
UI_20150714_001597	{@st42}Współdzielenie Questów
UI_20150714_001598	Wyłączone
UI_20150714_001599	{@st42}Drużyna publiczna{/}
UI_20150714_001600	{memo X}Level
UI_20150714_001601	{@st42}Użyj 'Poleć drużynę'{/}
UI_20150714_001602	Po odległości
UI_20150714_001603	Po Klasie
UI_20150714_001604	Po Levelu
UI_20150714_001605	Po Queście
UI_20150714_001606	Po bliskości
UI_20150714_001607	{memo X}{@st42}Udostępnij link zaproszenia do drużyny
UI_20150714_001608	>>Podgląd drużyny...
UI_20150714_001609	Nazwa drużyny : %s
UI_20150714_001610	Opis drużyny : %s
UI_20150714_001611	Czas założenia : %s temu
UI_20150714_001612	Członków : %s/5
UI_20150714_001613	Dołącz
UI_20150714_001614	{@st59}Szukaj po nazwie drużyny bądź opisie{/}
UI_20150714_001615	Szczegóły uproszczonej pomocy
UI_20150714_001616	{@st43}Skrzynka odbiorcza
UI_20150714_001617	{@st41b}Wszystkie
UI_20150714_001618	{@st41b}Nieprzeczytane
UI_20150714_001619	{memo X}{@st43}{s22}Wybierz postać, która ma otrzymać przedmioty.{/}
UI_20150714_001620	{@st41b}Ulepsz
UI_20150714_001621	{@st66}Przedmioty wymagające naprawy
UI_20150714_001622	{@st43}Simoni
UI_20150714_001623	{@st59}Zwiększ Skille{/}
UI_20150714_001624	{@st59}Zamknij okno Skilli i Atrybutów{/}
UI_20150714_001625	{@st43}Skille i Atrybuty{/}
UI_20150714_001626	Pozostałe punkty statusu {nl}{@st46}%s
UI_20150714_001627	Otrzymano polubień : %s
UI_20150714_001628	{memo X}{@st66b}Pokazuj otrzymywany EXP{/}
UI_20150714_001629	{@st66b}Pokaż imię postaci{/}
UI_20150714_001630	{@st66b}Pokaż tylko nazwę drużyny{/}
UI_20150714_001631	{@st66b}Pokazuj imiona innych graczy{/}
UI_20150714_001632	{@st66b}Automatycznie{/}
UI_20150714_001633	{@st66b}Pad{/}
UI_20150714_001634	{@st66b}Klawiatura{/}
UI_20150714_001635	{@st66b}Mysz
UI_20150714_001636	{@st66b}Pełny ekran{/}
UI_20150714_001637	{@st66b}W oknie{/}
UI_20150714_001638	{@st66b}Głośność efektów dźwiękowych (%s){/}
UI_20150714_001639	{@st66b}Głośność muzyki (%s){/}
UI_20150714_001640	{@st66b}Głośność (%s){/}
UI_20150714_001641	{@st66b}Niskie wymagania{/}
UI_20150714_001642	{@st66b}Automatycznie{/}
UI_20150714_001643	{@st66b}Nie zmieniaj{/}
UI_20150714_001644	{@st66b}Włącz efekt Bloom{/}
UI_20150714_001645	{@st66b}Włącz winiety{/}
UI_20150714_001646	{@st66b}Włącz FXAA{/}
UI_20150714_001647	{@st66b}Włącz efekt Glow{/}
UI_20150714_001648	{@st66b}Włącz głębię{/}
UI_20150714_001649	{@st66b}Włącz Soft Particle{/}
UI_20150714_001650	{@st66b}Włącz lepsze tekstury {/}
UI_20150714_001651	{@st66b}Włącz V-Sync{/}
UI_20150714_001652	{@st66b}Wyłącz V-Sync{/}
UI_20150714_001653	{@st66b} %s silver zostanie zużyte podczas przechowania i wyjmowania przedmiotów ze schowka.{/}
UI_20150714_001654	%s polubił(a) mnie
UI_20150714_001655	{@st41}Obserwuj
UI_20150714_001656	{@st66b}Wyjdź z trybu obserwatora
UI_20150714_001657	{memo X}Znaleziono grę. Czy chcesz do niej dołączyć?
UI_20150714_001658	{memo X}{@st41}Dołącz
UI_20150714_001659	{@st41}Odmów
UI_20150714_001660	Zakończ grę
UI_20150714_001661	Śmierci
UI_20150714_001662	Obrażenia
UI_20150714_001663	{@st41}Wróć do strefy
UI_20150714_001664	{@st41b}Wróć do strefy w ciągu %s sekund...{/}
UI_20150714_001665	{@st59}Otwiera okno wiadomości{/}
UI_20150714_001666	{@st42}Zmień lożę{/}
UI_20150714_001667	{@st42}Ustawienia loży{/}
UI_20150714_001668	{@st65}%s wynik{/}
UI_20150714_001669	{@st65}×%s{/}
UI_20150714_001670	{@st65}% wynik{/}
UI_20150714_001671	{@st65}×%s{/}
UI_20150714_001672	Opis obrazka
UI_20150714_001673	{#000000}%s sekund
UI_20150714_001674	{#000000}założono %s
UI_20150714_001675	Nazwa drużyny : {#2c140c}%s{/}
UI_20150714_001676	Opis : {#2c140c}%s{/}
UI_20150714_001677	Średni Level : {#2c140c}%s{/}
UI_20150714_001678	Szukamy : {#2c140c}%s{/}
UI_20150714_001679	Dzielenie Questów : {#2c140c}%s{/}
UI_20150714_001680	Priorytet EXPa : {#2c140c}%s{/}
UI_20150714_001681	Priorytet przedmiotów : {#2c140c}%s{/}
UI_20150714_001682	Dobrze się bawiłeś z tą drużyną?
UI_20150714_001683	{@st42} otrzymano %s przez %s
UI_20150714_001684	{@st42} ulepszono %s przez %s
UI_20150714_001685	Notatka :%s
UI_20150714_001686	{@st59}Dodaj materiał do tego slota przedmiotu.{/}
UI_20150714_001687	{@st66b}Cena : %s{/}
UI_20150714_001688	Powitanie postaci
UI_20150714_001689	Sklepik
UI_20150714_001690	×%s
UI_20150714_001691	{@41b}Kryteria
UI_20150714_001692	{memo X}{@st41}Usuń
UI_20150714_001693	{@st41}Odśwież
UI_20150717_001694	{memo X}{#ffff00}%s{/} graczy lubi tę postać
UI_20150717_001695	{@st41b}{s56}Ta gra jest {#0066FF}
UI_20150717_001696	Rated T.
UI_20150717_001697	{s40} {nl}Granie przez długie godziny może wpłynąć negatywnie na twoje zdrowie.{/}
UI_20150717_001698	{@st66b}Wejdź
UI_20150717_001699	{@st42}Informacje o moim przywołaniu
UI_20150717_001700	Twóje ruchy spowolnią kiedy zabraknie ci {@st59}STA{/}
UI_20150717_001701	{@st59}Sortuje twój inwentarz{/}
UI_20150717_001702	{memo X}Posortuj
UI_20150717_001703	{@st59}Zamknij informacje o sterowaniu padem.{/}
UI_20150717_001704	{@st59}Zamknij informacje o sterowaniu klawiaturą.{/}
UI_20150717_001705	Samouczek myszy
UI_20150717_001706	{@st59}Zamknij informacje o sterowaniu myszą.{/}
UI_20150717_001707	Atak : %s
UI_20150717_001708	Obrona : %s
UI_20150717_001709	STR : %s
UI_20150717_001710	CON : %s
UI_20150717_001711	INT : %s
UI_20150717_001712	DEX : %s
UI_20150717_001713	SPR : %s
UI_20150717_001714	{memo X}{@st42b}Klasy bazujące na Swordsmanie mogą biec szybciej wciskając strzałkę kierunkową dwa razy.{/}
UI_20150717_001715	{@st42}Nazwa drużyny i opis{/}
UI_20150717_001716	{@st42}Wstaw tag zaproszenia do drużyny
UI_20150717_001717	{@st41b}Lista publicznych drużyn{/}
UI_20150717_001718	{memo X}{@st41b}Lista polecanych postaci{/}
UI_20150717_001719	{@st41b}Otrzymaj polecenie
UI_20150717_001720	Tylko liderzy drużyny mogą z tego korzystać.
UI_20150717_001721	Musisz użyć fukcji rekomendacji członka drużyny.
UI_20150717_001722	{@st66b}Nazwa Klasy Questa{/}
UI_20150717_001723	{@st59b}Sklep{nl}{@st59s} - Użyj Shift + Prawy myszki i podaj ilość aby kupić/sprzedaż wiele przedmiotów na raz{nl} - Kliknij prawym dwa razy aby sprzedać wszystkie przedmioty{/}
UI_20150717_001724	{@st59}Informacje o myszy{/}
UI_20150717_001725	{@st66b}Posortuj
UI_20150717_001726	{@st59}Posortuj swoje przedmioty.{/}
UI_20150717_001727	{@st59}Włóż broń do tego slota{nl}Wciśnij Alt+Z aby zmienić broń{/}
UI_20150717_001728	Obserwuj inną postać
UI_20150717_001729	{@st41}Pole bitwy
UI_20150717_001730	Wyniki
UI_20150717_001731	{@st41}Przejdź natychmiast
UI_20150717_001732	{@st41b}            Nazwa Drużyny reprezentuje wszystkie twoje postaci.{nl}                 Jest wspólnym nazwiskiem dla każdej twojej postaci i twoim identyfikatorem.{nl}                  Nazwę Drużyny możesz zmienić też później.{/}
UI_20150729_001733	{@st42}Pokazuj tylko atrybuty, których możesz się nauczyć{/}
UI_20150729_001734	Licznik nóg
UI_20150729_001735	Wysokość
UI_20150729_001736	Waga
UI_20150729_001737	{@st43}Pieczenie Gemów{/}
UI_20150729_001738	{@st59b}Tworzenie przedmiotów{nl}{@st59s} - Przedmioty można tworzyć używając recept.{nl} - Przenieś receptę oraz potrzebne składniki na odpowiednie sloty aby rozpocząć tworzenie przedmiotu. {nl} - Możesz dołączyć unikalną nazwę oraz notatkę do przedmiotu.{/}
UI_20150729_001739	{@st59}Zamknij tworzenie strzał{/}
UI_20150729_001740	{memo X}Wymagane fragmenty : Mutant %s / Bestia %s / Roślina %s
UI_20150729_001741	{@st42b}         Klasa Swordsman może biegać wciskając                        dwa razy dany kierunek.{/}
UI_20150729_001742	{@st41}Opcje drużyny
UI_20150729_001743	{@st41}Opcje rekrutacji
UI_20150729_001744	{@st42}Szukaj członków drużyny{/}
UI_20150729_001745	Kiedy gracz spełni ustawione wymagania, na ekranie pojawi się wiadomość [Party Match!].
UI_20150729_001746	{@st41b}Lista polecanych graczy{/}
UI_20150729_001747	{@st41}Informacje o Atrybucie
UI_20150729_001748	{@st59}Anuluj ulepszenie{/}
UI_20150729_001749	{@st59b}Ulepszenie Gemu/Karty{nl}{@st59s} - Wybierz gem lub kartę z inwentarza aby go ulepszyć.{nl} - Wszystkie przedmioty poza questowymi mogą być użyte do ulepszania gemów.{nl} (A jeszcze lepiej używać innego gema jako materiału){nl} - Karty można ulepszać tylko za pomocą innych kart.{/}
UI_20150729_001750	{memo X}{#000000}{s22}Kolejka na serwer
UI_20150729_001751	{memo X}{#000000}{s22}Serwer jest obecnie pełny. Oczekiwanie w kolejce na wejście.
UI_20150729_001752	{memo X}{#000000}{s22}Obecna pozycja : %s
UI_20150729_001753	{@st43}Liga Walk Drużynowych
UI_20150729_001754	{@st59}Zamknij Ligę Walk Drużynowych
UI_20150729_001755	{@st42}Rozkład Ligi Walk Drużynowych
UI_20150729_001756	{@st43}Rankingi Ligi Walk Drużynowych
UI_20150729_001757	{@st59}Zamknij Rankingi Ligi Walk Drużynowych
UI_20150729_001758	Nazwa drużyny
UI_20150729_001759	{@st41b}Nazwa skilla
UI_20150729_001760	{@st59}Zaakceptuj misję drużynową{/}
UI_20150729_001761	{@st59}Usuń ten Ticket{/}
UI_20150729_001762	Wynik
UI_20150729_001763	Dołącz do Ligi Walk Drużynowych
UI_20150730_001764	{memo X}{@st56}Ja
UI_20150730_001765	{memo X}{@st56}Zabójstwa
UI_20150730_001766	{memo X}{@st56}Obrażenia
UI_20150803_001767	Ogólny: /s czat{nl}Krzyk: /y czat {nl}Drużynowy: /p czat{nl} Szept: /w NazwaDrużyny Czat
UI_20150803_001768	{@st66b}Wibracja pada{/}
UI_20150803_001769	Znaleziono pasującą grę. Poczekaj na dołączenie.
UI_20150804_001770	{memo had to be shortened to fit the UI}{@st43}{s18}Wybierz postać aby otrzymać przedmiot(y).{/}
UI_20150804_001771	Max slotów : %s
UI_20150807_001772	{@st41b}Szczegóły {img red_down_arrow 16 16}
UI_20150807_001773	{memo X}
UI_20150807_001774	{memo X}
UI_20150918_001775	Czas trwania obozu
UI_20150918_001776	Efekt
UI_20150918_001777	Czas trwania obozu przedłuży się jeśli zostanie odnowiony{nl} Wymagane %s silver.
UI_20150918_001778	Magazyn osobisty
UI_20150918_001779	{@st41b}Typ : {@sti7}%s{/}
UI_20150918_001780	{@st41b}Trudność : {@sti7}%s{/}
UI_20150918_001781	{#ffff00}{ol}%s{/}{/} players like this character
UI_20150918_001782	{@st43}Dungeony instancyjne
UI_20150918_001783	{@st41}Sprawdź lokację
UI_20150918_001784	{#000000}Nazwa Dungeona{/}
UI_20150918_001785	{#000000}Level wejścia{/}
UI_20150918_001786	{#000000}Ilość wejść{/}
UI_20150918_001787	{#000000}The number of entries will reset at %s.{/}
UI_20150918_001788	{img silver 20 20} Cena
UI_20150918_001789	Informacje o drużynie w pobliżu
UI_20150918_001790	Wymagane fragmenty : %s 
UI_20150918_001791	{@st66b}Pusty
UI_20150918_001792	{@st42}Pokaż drużyny w pobliżu{/}
UI_20150918_001793	Przyjaźń z {@sti9}%s{@st66b} : {@st66b}Level{/} {@sti9}%s {@st66b}
UI_20150918_001794	Przyjaźń
UI_20150918_001795	{@st41b}Zdobyto materiał do stworzenia przedmiotu!
UI_20150918_001796	{@st66b}{s20}Twoja postać jest {/}{s20}{#cc6600}{ol}niezdolna do dalszej walki {/}{@st66b}{s20}!{/}
UI_20150918_001797	{@st66b}Wznów od najbliższego Punktu Wskrzeszenia{/}
UI_20150918_001798	{@st66b}Wznów tutaj (wymanage %s iCoins){/}
UI_20150918_001799	{@st66b}Wróć na pole{/}
UI_20150918_001800	{@st66b}Porzuć Quest i spróbuj ponownie{/}
UI_20150918_001801	{@st66b}Spróbuj ponownie{/}
UI_20150918_001802	{@st66b}Sprzedane przedmioty{/}
UI_20150918_001803	{@st53}Punkty rankingu : %s
UI_20150918_001804	Suma niewymienialnych: %s
UI_20150918_001805	{@st42b}Sprawdź dialog{/}
UI_20150918_001806	{@st66b}Daj jedzenie poza drużyną{/}
UI_20150918_001807	{@st41b}Zmień tytuł tabliczki
UI_20150918_001808	{@sti9}Ja
UI_20150918_001809	{@sti9}Zabójstwa
UI_20150918_001810	{@sti9}Obrażenia
UI_20151001_001811	{@st43}Ustawienia klawiszy{/}
UI_20151001_001812	{@st45tw2}Kategoria
UI_20151001_001813	Akcja
UI_20151001_001814	Przywróć domyślne
UI_20151016_001815	{@st59}Wybrany przedmiot zostanie zablokowany{/}
UI_20151016_001816	{@st59}Możesz zmienić wygląd swojej loży i ją podejrzeć.
UI_20151016_001817	Postaci %s{/}
UI_20151016_001818	{@st42b}Podgląd
UI_20151016_001819	{@st42b}Powrót
UI_20151016_001820	{@st42b}Zakup
UI_20151016_001821	{@st42b}Zastosuj
UI_20151016_001822	Nazwa i opis Gildii
UI_20151016_001823	Nazwa drużyny
UI_20151016_001824	Tytuł
UI_20151016_001825	Ogłoszenie
UI_20151022_001826	{@st41}Kolejna na serwer
UI_20151022_001827	{#000000}{s18}Serwer jest obecnie pełny. Oczekiwanie w kolejce na wejście.
UI_20151022_001828	{@st66b18}Obecna pozycja : %s
UI_20151022_001829	{@st66b}Pokaż efekty innych postaci
UI_20151023_001830	{@st41b}iCoin{/}
UI_20151023_001831	{@st41}iCoin
UI_20151023_001832	iCoin